timestamp,accX,accY,accZ,gyroX,gyroY,gyroZ,latitude,longitude,altitude
2025-02-11T17:22:35.895136,0.22670098,5.64463,8.1261454,-0.014322358,-0.0077107581,0.0029477412,43.690034,-79.301492,145.32406
2025-02-11T17:22:37.084779,0.36511576,5.6071458,7.8591166,0.0020817381,-0.0012823506,-0.0092429174,43.690036,-79.301493,145.24241
2025-02-11T17:22:38.151710,-1.0127473,2.9735985,6.5072904,2.730541,-0.91323352,2.3780277,43.690035,-79.301497,145.15313
2025-02-11T17:22:39.184475,-7.3989062,4.1984572,7.1371899,-0.4660762,0.07902278,-1.615512,43.690036,-79.301496,146.52606
2025-02-11T17:22:40.315681,-2.7660511,3.6671689,9.7386398,0.22684284,-0.30075288,-0.22224636,43.690038,-79.301498,146.70234
2025-02-11T17:22:41.429274,-11.954997,3.7343562,7.58109,-0.39080054,0.12268931,1.5062292,43.690039,-79.301502,146.71298
2025-02-11T17:22:42.824207,-0.45841479,7.444097,2.4634838,0.33267841,-0.52458137,1.0978754,43.690042,-79.301505,145.85132
2025-02-11T17:22:43.891067,-1.0226234,3.2902317,10.707319,2.1695707,-1.4206281,-0.36265543,43.690042,-79.301503,145.11882
2025-02-11T17:22:45.018276,1.2378023,2.5892544,9.0690861,1.2531564,0.28503159,-0.62738591,43.690042,-79.301501,144.25822
2025-02-11T17:22:46.149014,-0.046013564,3.4056022,10.490793,-0.18595751,0.35629365,0.18632388,43.690041,-79.301497,143.5807
2025-02-11T17:22:47.186769,0.72738838,3.3503859,9.1746559,-0.014205781,-0.0024980856,0.0028644716,43.690042,-79.301494,143.10925
2025-02-11T17:22:48.298755,-0.75694185,5.781548,5.7465329,0.50033325,-0.29925403,-1.9374154,43.690044,-79.301494,142.96244
2025-02-11T17:22:49.456343,-1.8117373,7.8988457,6.106112,-0.3640044,0.20810719,-0.057722434,43.690046,-79.301495,142.3159
2025-02-11T17:22:50.601772,-1.7625813,5.1351886,6.2941318,-0.22209647,3.1265707,-1.040436,43.690049,-79.301497,141.82265
2025-02-11T17:22:51.684345,2.7744308,3.9490113,8.5934629,0.3825402,-0.5059123,1.2281588,43.690061,-79.301502,141.81997
2025-02-11T17:22:52.800130,1.2552351,1.9547161,13.268666,-2.3589923,1.0394368,0.29442438,43.690064,-79.301505,141.42777
2025-02-11T17:22:53.940565,0.36197338,7.1512561,6.0500727,0.78596437,-0.30018663,-0.18997109,43.690063,-79.301505,141.34006
2025-02-11T17:22:55.102866,0.43724108,7.0261588,6.8826566,-0.036688551,-0.012773545,-0.00096592651,43.690061,-79.301505,141.15507
2025-02-11T17:22:56.184618,0.39953241,6.8567691,7.1852236,0.032441806,-0.052726261,-0.12000804,43.690059,-79.301505,140.89522
2025-02-11T17:22:57.216316,0.20462942,7.0562363,6.6482491,-0.0024814319,-0.06838093,0.017786371,43.69006,-79.301502,140.77485
2025-02-11T17:22:58.249492,1.1271453,6.7349644,6.4185553,-0.021167113,-0.08243683,-0.062368874,43.690059,-79.301498,141.33426
2025-02-11T17:22:59.286566,0.49597386,6.8192849,6.9500685,-0.019151991,-0.067981243,0.028711332,43.69006,-79.301494,141.24449
2025-02-11T17:23:00.314689,0.65960258,6.7435684,7.291317,0.039219946,0.040818721,-0.049245596,43.690064,-79.301492,140.99874
2025-02-11T17:23:01.341795,0.66947865,6.7462621,6.8827314,-0.016753828,-0.022949081,0.016637251,43.690068,-79.301488,141.12605
2025-02-11T17:23:02.368576,0.76285249,6.7106481,7.0909519,0.017753063,-0.005595712,0.008943147,43.690072,-79.301484,141.09782
2025-02-11T17:23:03.392027,-13.29822,4.9494882,5.9160724,1.2658134,-0.71112174,1.6259707,43.690074,-79.30148,141.21621
2025-02-11T17:23:04.516940,1.1543045,6.1953712,8.6097736,-1.1389439,0.7321223,-0.010092266,43.690075,-79.301475,141.22245
2025-02-11T17:23:05.547990,-0.069506668,7.3062806,6.6623154,0.011141462,0.044782352,0.0017986217,43.690074,-79.301472,141.51641
2025-02-11T17:23:06.572446,-2.9336452,6.972888,5.5481133,0.35579401,-1.4617798,1.2589519,43.690074,-79.301472,141.56711
2025-02-11T17:23:07.605637,-1.2922704,7.1362176,8.540267,-0.62328905,-0.064850308,0.26051703,43.690076,-79.301469,141.44529
2025-02-11T17:23:08.637299,-0.81365448,7.0658879,6.9963064,0.055890504,0.008393568,-0.083369449,43.690077,-79.301465,141.15167
2025-02-11T17:23:09.703490,-0.40342298,5.0495958,5.9525838,0.25179037,1.2726414,-1.8362095,43.690081,-79.301451,141.25167
2025-02-11T17:23:10.795596,4.4387002,3.5481322,1.6246903,0.6420247,-0.53344125,-2.1898718,43.69008,-79.301449,141.49458
2025-02-11T17:23:11.853455,0.21472996,5.4361095,4.9758244,-2.7926433,1.274873,-1.557673,43.690082,-79.301446,142.15136
2025-02-11T17:23:12.882493,2.6054151,7.4779148,2.8451347,-1.2878798,1.12657,0.065250002,43.690083,-79.301445,142.36868
2025-02-11T17:23:13.913061,2.0243723,8.5593462,1.0321254,0.60272145,0.079922087,-1.0447993,43.690085,-79.301456,141.31158
2025-02-11T17:23:15.032966,3.9373395,5.5553708,1.9705029,0.57817364,0.88728672,-3.0478811,43.690093,-79.301464,140.9527
2025-02-11T17:23:16.165909,-8.4873705,8.0537205,2.7876737,3.2339885,-1.4418617,-0.45373565,43.690096,-79.301469,139.86853
2025-02-11T17:23:17.343328,-9.2951889,5.5954738,-0.14657004,0.1424242,-1.8883862,2.1373622,43.690095,-79.301476,139.90094
2025-02-11T17:23:18.417183,-10.539126,6.2459483,2.1884501,1.5592219,2.8945818,-1.3873535,43.690093,-79.301481,140.35748
2025-02-11T17:23:19.671582,-7.7360396,7.2200146,1.5543606,-0.68176091,-2.0589056,1.1322824,43.690094,-79.301495,140.70061
2025-02-11T17:23:20.750701,-10.17401,5.6052003,-0.54079032,-0.35914147,2.669188,-4.150486,43.690091,-79.3015,141.18728
2025-02-11T17:23:21.880837,-4.5971665,2.4856303,12.474614,-0.76846111,-1.1613435,-0.023315467,43.69009,-79.301501,141.52088
2025-02-11T17:23:23.063316,0.50719666,2.4889224,9.2543373,0.019668262,-0.030443339,0.016204249,43.690087,-79.301502,141.10216
2025-02-11T17:23:24.141361,0.42714053,2.6173861,9.4108591,-0.0045798239,0.0049795173,0.0010158882,43.690083,-79.301501,140.40295
2025-02-11T17:23:25.267075,0.40574238,2.6413281,9.4069681,0.0024980856,-0.00089931086,0.00038303982,43.690083,-79.301501,140.40295
2025-02-11T17:23:26.398180,0.40222588,2.6640732,9.4057713,0.012540391,0.0016320826,-0.0021483537,43.690085,-79.301497,140.68354
2025-02-11T17:23:27.516781,-4.8721256,0.93164372,9.3144922,-0.47813362,0.1910536,1.1269364,43.690084,-79.301495,140.53348
2025-02-11T17:23:28.649754,4.834866,2.9964182,11.003901,-0.52744579,0.66810471,0.16533996,43.690079,-79.301489,140.02862
2025-02-11T17:23:29.781546,-8.7004538,6.2912889,6.2338281,-0.74671113,-1.9320362,-2.056241,43.690076,-79.301502,140.44629
2025-02-11T17:23:30.900516,9.5251818,1.4998177,5.2097082,0.22069755,-0.37159857,-1.2576363,43.690072,-79.301505,139.53314
2025-02-11T17:23:32.080629,4.1929207,5.1381063,3.2411506,-1.1896716,0.50624537,0.20845693,43.690072,-79.301506,139.43996
2025-02-11T17:23:33.102164,-0.17515081,2.6296566,9.4172935,0.010591883,0.00096592651,0.0042134379,43.690072,-79.301506,139.85196
2025-02-11T17:23:34.230229,-0.21465515,2.6189573,9.4275436,0.0018485835,0.0010991577,-0.0010825038,43.69007,-79.301511,139.93793
2025-02-11T17:23:35.348544,-0.22662616,2.6070611,9.4274683,-0.0033640887,-0.0010325421,-6.6615619e-05,43.69007,-79.301511,139.93793
2025-02-11T17:23:36.385069,-0.21323359,2.5796776,9.394249,-0.016837098,-0.0028977795,0.00031642418,43.690068,-79.301518,140.05275
2025-02-11T17:23:37.500939,-0.21353287,2.6475382,9.438242,0.00089931086,0.0010991577,0.00049961713,43.690067,-79.30152,139.46393
2025-02-11T17:23:38.537540,-0.23605332,2.6464908,9.4261961,0.0015155054,0.0012990045,4.9961716e-05,43.690065,-79.301521,138.56032
2025-02-11T17:23:39.570754,-0.23635259,2.6105776,9.4487915,-0.0090097627,-0.0020317764,-0.00086600304,43.690063,-79.301519,138.26652
2025-02-11T17:23:40.682638,-0.22064064,2.6237457,9.4273939,0.0071278713,0.0037138208,-4.9961716e-05,43.690064,-79.301517,138.13903
2025-02-11T17:23:41.704455,-0.22916999,2.6010008,9.4477444,-0.0027478943,0.00076607964,0.00013323124,43.690066,-79.301514,138.08495
2025-02-11T17:23:42.786913,-0.22049101,2.596437,9.4083147,-0.0011491195,-0.0024314702,-0.00014988515,43.690068,-79.301513,137.9374
2025-02-11T17:23:43.915408,-0.2243816,2.5903018,9.4380932,-0.0011324655,-0.0002997703,-0.0010825038,43.690069,-79.301513,137.66651
2025-02-11T17:23:45.033036,-0.22707507,2.5902269,9.4713869,-0.00019984687,-0.0036305513,-0.00068281009,43.690076,-79.30152,137.52387
2025-02-11T17:23:46.212458,-0.23156419,2.5664346,9.442956,0.022199655,0.0061119832,0.00068281009,43.690078,-79.301522,137.13055
2025-02-11T17:23:47.252418,2.6878655,1.4143747,10.419117,2.9831808,-0.57512593,-2.1811619,43.69008,-79.301519,137.24271
2025-02-11T17:23:48.324409,3.6779428,5.0329862,6.6831894,-1.2614833,0.30363399,0.67829686,43.690077,-79.301509,137.57932
2025-02-11T17:23:49.353938,-0.23964463,0.41412207,8.968605,-0.41320002,0.15078445,0.12377182,43.690071,-79.301499,136.40104
2025-02-11T17:23:50.498532,-1.092579,2.1494694,9.4960775,-0.0016820444,-0.0014988515,0.00026646248,43.690065,-79.301499,136.98451
2025-02-11T17:23:51.632485,-1.1209353,2.1615901,9.4733324,-0.00019984687,-0.00083269522,-6.6615619e-05,43.690066,-79.301498,136.84168
2025-02-11T17:23:52.671859,-1.1055975,2.1376481,9.4805145,0.00023315467,0.0005995406,-0.00071611791,43.690063,-79.301488,137.31711
2025-02-11T17:23:53.797178,-1.1177181,2.1280713,9.5018387,-0.0014821975,-0.00033307809,-0.00066615618,43.69006,-79.30149,137.75921
2025-02-11T17:23:54.869690,-1.1188403,2.1459529,9.4958525,0.00078273355,0.00046630934,-0.00049961713,43.690064,-79.301493,137.84593
2025-02-11T17:23:55.982700,-1.6726491,0.33271921,16.134151,3.0250819,-0.08090467,-0.65241671,43.690065,-79.301497,137.71486
2025-02-11T17:23:57.131559,-2.9727755,4.4473791,9.6468372,1.6415254,1.9102695,-1.151834,43.690063,-79.301506,138.23942
2025-02-11T17:23:58.249218,-5.3262758,7.6205945,-0.82323128,-0.11934188,-1.2466447,-2.8310306,43.690065,-79.301517,138.91237
2025-02-11T17:23:59.285247,-2.0733786,9.1274452,-0.65391636,1.2553381,-0.24153158,-0.74721074,43.690067,-79.301527,139.01102
2025-02-11T17:24:00.447447,2.6481366,5.1679592,1.1530325,-1.6410092,0.76839453,2.2684116,43.690068,-79.301534,138.77174
2025-02-11T17:24:01.513828,6.5867481,-1.7178397,15.801806,-4.1419592,1.4217771,1.7132871,43.690065,-79.301537,138.31044
2025-02-11T17:24:02.540028,4.5002761,4.8882866,11.465383,-2.0936623,0.58498508,0.45689988,43.690065,-79.301537,138.15495
2025-02-11T17:24:03.681879,-1.0944494,7.2145529,6.0724435,-0.26384783,-0.048712671,-0.34010604,43.690062,-79.301539,138.31702
2025-02-11T17:24:04.705007,-2.9480104,7.3998041,3.5011458,0.22587691,-0.39336523,-0.69490081,43.690062,-79.301542,138.56021
2025-02-11T17:24:05.832556,0.52373165,4.36448,10.915839,-1.2838662,-0.14547186,1.2872969,43.690062,-79.301542,139.17643
2025-02-11T17:24:06.876318,-1.0830022,6.5131264,7.5150251,-0.62180686,-0.95836562,1.1094165,43.69006,-79.301543,139.63429
2025-02-11T17:24:07.984612,0.15532383,2.1452048,11.947291,2.9059565,2.5427182,-0.3590582,43.690059,-79.301542,140.30212
2025-02-11T17:24:09.005260,-2.2919991,2.6576388,4.786458,-2.4665766,3.0513284,-1.7346041,43.690058,-79.301542,140.53489
2025-02-11T17:24:10.741332,-1.2075007,3.6666451,8.8886232,-0.0036305513,-0.12700267,0.026429746,43.690052,-79.301535,140.54689
2025-02-11T17:24:11.917429,-1.0053402,0.23665187,10.317962,0.77059281,-0.22139701,-0.24824311,43.69005,-79.301531,140.43801
2025-02-11T17:24:13.055568,-2.0481648,3.2253637,11.800198,-0.093594946,-0.44415963,0.28521478,43.690047,-79.301528,140.28768
2025-02-11T17:24:14.132328,1.8583494,-0.87448215,15.254058,1.6187263,0.51132482,0.27072588,43.690044,-79.301523,140.32432
2025-02-11T17:24:15.236609,-0.38045362,3.2059858,9.2623434,-0.0018985452,6.6615619e-05,0.00053292495,43.690046,-79.301518,140.00142
2025-02-11T17:24:16.381654,-0.40409636,3.2240171,9.2442369,-1.6653905e-05,-0.0011324655,-0.00038303982,43.690046,-79.301516,139.90723
2025-02-11T17:24:17.502341,-0.38397011,3.2239423,9.2585278,-0.0015654671,0.0018485835,-0.00013323124,43.690045,-79.301515,139.41723
2025-02-11T17:24:18.619944,-0.37319618,3.2704794,9.262269,-0.00054957886,-0.00063284836,-3.330781e-05,43.690045,-79.301516,138.79867
2025-02-11T17:24:19.766843,4.5549688,2.8584523,6.4505777,1.7100563,-1.2637815,0.10060624,43.690047,-79.301517,138.66906
2025-02-11T17:24:20.929817,0.69184947,7.9337111,1.3445687,0.17931259,-0.53627241,1.6309669,43.690044,-79.301517,138.28507
2025-02-11T17:24:21.993451,9.4240265,4.2643723,-1.6401778,0.27946916,-0.42309245,1.0365224,43.690044,-79.301519,138.29743
2025-02-11T17:24:23.133119,9.0787382,3.438298,0.79083472,-0.79712248,1.1043204,2.0288119,43.690047,-79.301523,138.86038
2025-02-11T17:24:24.167968,-9.7116299,7.4791121,1.2675802,0.23605245,0.30275133,1.011475,43.690052,-79.301525,139.04556
2025-02-11T17:24:25.297202,-3.4681509,8.3039141,0.27899933,0.091513209,-0.54761368,-1.4798161,43.690057,-79.301523,138.88757
2025-02-11T17:24:26.415914,9.5371532,1.6485575,2.856956,0.19228598,0.78098488,1.0352733,43.690063,-79.301516,139.55637
2025-02-11T17:24:27.601088,4.3284922,7.3482537,-1.1332804,0.26256546,-1.6802624,-2.2121382,43.690062,-79.30151,139.5467
2025-02-11T17:24:28.660798,-2.3350949,2.0097828,10.944869,-0.76538014,-0.86766845,0.91333348,43.69006,-79.301507,139.67392
2025-02-11T17:24:29.789282,8.9145107,2.9914801,3.8073792,-0.15932791,-0.011274694,-0.41698048,43.690069,-79.301504,141.29127
2025-02-11T17:24:30.909406,-4.3626842,8.2757082,2.8965352,1.0725114,1.1848587,3.3284662,43.690069,-79.301498,141.79444
2025-02-11T17:24:32.071670,10.080487,2.0803368,4.7245831,0.8288815,-1.1711526,-1.7384012,43.690059,-79.30149,142.17811
2025-02-11T17:24:33.227778,-7.8347259,8.5915928,1.2223896,-0.78359956,-1.2777542,-1.7038277,43.690052,-79.301485,142.59137
2025-02-11T17:24:34.310326,8.3835964,3.2200518,3.9858968,0.43393415,2.154449,3.407872,43.690053,-79.301487,142.74008
2025-02-11T17:24:35.439283,7.3129396,5.4591541,2.1607671,0.21751665,-1.4406294,-3.2593856,43.690053,-79.301483,142.82512
2025-02-11T17:24:36.548315,9.2451353,4.0121584,5.0528131,0.23929995,2.7311904,4.2911782,43.690054,-79.301482,142.47206
2025-02-11T17:24:37.729919,8.5858316,2.6770167,5.0835638,0.79157674,-2.0043807,-3.0959277,43.690052,-79.301482,142.33327
2025-02-11T17:24:38.802898,-6.7724485,7.0685062,1.5380502,0.65899503,2.1534998,4.1067033,43.690054,-79.301482,142.19411
2025-02-11T17:24:39.980832,9.0684881,1.1350013,6.6455555,0.13103293,-0.45656681,-0.1558639,43.690053,-79.301481,142.21183
2025-02-11T17:24:41.014300,-4.8832736,7.3599257,-5.9060469,-0.31114492,-1.61821,-1.0274626,43.69005,-79.301483,142.01541
2025-02-11T17:24:42.079299,-6.1422496,5.2848263,13.321712,1.7891457,2.4433277,4.3676033,43.690048,-79.301478,141.92566
2025-02-11T17:24:43.253997,4.5642462,3.692682,8.5968304,-0.21030551,-0.046364471,-0.12247282,43.690047,-79.301479,142.11039
2025-02-11T17:24:44.280427,3.2832735,3.6834793,9.3442698,0.15782906,0.078956164,-0.016354134,43.690047,-79.301478,141.92849
2025-02-11T17:24:45.407266,2.1250784,2.8422916,9.1101618,0.00064950227,0.0002997703,-0.00011657734,43.690053,-79.301482,141.8622
2025-02-11T17:24:46.496795,2.1654806,2.8516438,9.1296892,-0.004013591,0.000699464,-0.00028311639,43.690054,-79.30149,141.86154
2025-02-11T17:24:47.525260,2.1860559,2.867281,9.1011839,-0.00026646248,-9.9923433e-05,-0.0013156584,43.690054,-79.301496,141.90293
2025-02-11T17:24:48.638379,2.1717653,2.8517935,9.0951233,-0.00046630934,0.00086600304,-0.0012823506,43.690058,-79.3015,141.94347
2025-02-11T17:24:49.685263,2.1787236,2.85531,9.115324,0.00036638591,-0.0011158116,-0.00074942573,43.690062,-79.301501,141.95669
2025-02-11T17:24:50.720878,2.1666777,2.8480525,9.130887,-0.00058288669,0.0015488132,-3.330781e-05,43.690065,-79.301502,141.86823
2025-02-11T17:24:51.853718,2.1517138,2.8495488,9.0700588,0.0027645482,-0.00081604131,-0.00086600304,43.690068,-79.301507,141.94637
2025-02-11T17:24:52.971763,6.7676601,3.0529065,7.8161707,1.2181165,-3.3494,0.033657543,43.690072,-79.301509,142.01638
2025-02-11T17:24:54.071654,-2.8416181,9.4381676,-0.85091424,-0.17686448,0.15123411,0.58651721,43.690078,-79.30151,141.70428
2025-02-11T17:24:55.236743,2.795006,8.6958151,2.8959365,-0.086183958,-0.051160797,0.24589491,43.690087,-79.301503,141.51559
2025-02-11T17:24:56.271536,-1.3040917,7.9916954,1.540594,-0.39328197,0.35371229,1.8690177,43.690089,-79.301494,141.06096
2025-02-11T17:24:57.354993,-5.4240642,7.4693108,2.269778,-0.20529269,-1.3297644,-2.5098767,43.690092,-79.301494,140.83414
2025-02-11T17:24:58.471962,9.5147076,2.9755437,4.7721677,0.26283193,0.15414855,1.0177701,43.690088,-79.301493,140.3643
2025-02-11T17:24:59.588318,-5.6527104,8.099659,-0.42152914,0.037970904,-0.069863133,-0.33339453,43.690086,-79.301497,140.12367
2025-02-11T17:25:00.721945,2.8978071,7.1606083,1.4019548,0.17766386,-1.4389306,-3.5771754,43.690082,-79.30151,140.24914
2025-02-11T17:25:01.755325,12.578762,1.3091794,4.3902178,-0.028844563,-0.013556278,-1.455901,43.690082,-79.301511,140.13918
2025-02-11T17:25:02.871850,7.5641809,5.1003976,-1.2203695,-0.3294642,2.1423583,1.9234927,43.690074,-79.30151,139.71012
2025-02-11T17:25:04.256629,-0.85128832,7.9833159,-6.1521258,-0.21501857,0.39253253,0.76741195,43.690069,-79.301509,139.78265
2025-02-11T17:25:05.345121,-6.1843724,8.6951418,-1.6077064,0.37114891,-0.16135968,-0.45496804,43.69007,-79.301505,139.83856
2025-02-11T17:25:06.457249,10.407595,4.1463084,-0.12719196,-0.027012633,-0.58936507,-1.531593,43.690068,-79.301504,139.69422
2025-02-11T17:25:07.641823,-0.6334908,9.0507555,-3.9471407,-0.053492341,-0.072461143,0.046481047,43.690067,-79.301494,139.71473
2025-02-11T17:25:08.724247,10.482339,2.2290766,1.5099931,1.1423912,-1.4010763,-1.1040373,43.690072,-79.301483,139.30848
2025-02-11T17:25:09.849187,-4.9119291,7.6260562,-1.8742858,-0.20467649,-0.52757907,-0.78794622,43.690073,-79.301477,139.21423
2025-02-11T17:25:10.874311,4.8178821,7.3607488,-0.67464113,0.026329823,1.8968298,2.5692313,43.690069,-79.301477,139.10891
2025-02-11T17:25:12.042275,3.8919992,8.7425776,-2.1810429,0.0023482007,0.21257044,0.18437538,43.690064,-79.301476,139.11809
2025-02-11T17:25:13.123346,6.779182,8.007782,-0.76547116,0.21188763,0.06604939,0.20359398,43.690062,-79.301474,139.13428
2025-02-11T17:25:14.288909,-7.903933,7.375937,1.1626842,-0.22098066,-0.26944351,-0.2792027,43.690062,-79.301471,138.83657
2025-02-11T17:25:15.322561,9.86022,4.0652046,3.6006548,-0.18369257,0.72892475,0.85402888,43.690062,-79.301473,138.65403
2025-02-11T17:25:16.391908,-4.7278748,6.7747679,-4.039093,-0.60223854,-2.2871807,-0.68261027,43.690066,-79.301473,138.72574
2025-02-11T17:25:17.439570,5.0043306,5.2583404,-0.89932203,0.13025019,2.7976396,3.6998482,43.690073,-79.301469,138.48166
2025-02-11T17:25:18.465465,-8.2857332,6.863503,0.60401219,-0.53643894,-1.799471,-1.4443765,43.690074,-79.301473,138.67528
2025-02-11T17:25:19.627553,0.58021981,9.0255423,-2.5405474,0.46049711,0.47861657,0.63817763,43.690076,-79.301486,138.78647
2025-02-11T17:25:20.693638,8.9524441,4.008193,0.11462241,0.14620464,-1.886138,-2.3199556,43.690077,-79.301488,138.81351
2025-02-11T17:25:21.722848,-9.0112514,7.1166897,3.7998226,-0.20877334,0.26474711,0.38891864,43.690078,-79.301494,138.87615
2025-02-11T17:25:22.839434,8.0926266,4.1775827,-5.484293,0.39501396,-1.3279158,-0.62452143,43.690079,-79.301492,139.03282
2025-02-11T17:25:23.922833,-8.3457384,6.6798229,-0.003067571,-0.26672894,-0.024281394,-0.17258441,43.690085,-79.30149,138.79524
2025-02-11T17:25:24.989509,5.1383309,5.4197245,-1.0497078,0.18397568,2.4179971,3.570514,43.69009,-79.301491,139.12817
2025-02-11T17:25:26.174395,9.2262058,3.2717514,1.1902924,-0.094194487,0.06853082,0.018535797,43.690094,-79.301491,138.92007
2025-02-11T17:25:27.307017,9.3308029,3.6365678,2.1456537,-0.012390506,0.20049636,0.22224636,43.690097,-79.301491,138.82945
2025-02-11T17:25:28.373096,2.9988124,2.6152165,0.020575171,0.050727796,5.6816792,0.48654383,43.690097,-79.301494,138.78895
2025-02-11T17:25:29.409180,1.1341783,-0.22483051,9.7619829,0.0012990045,-0.0096259573,-0.00058288669,43.690098,-79.301495,138.64555
2025-02-11T17:25:30.577645,1.214384,-0.20343232,9.7268934,-0.0011158116,-0.00014988515,-0.00019984687,43.690098,-79.301499,138.54985
2025-02-11T17:25:31.612544,1.1775731,-0.21158758,9.7122288,0.00074942573,0.00051627104,0.00033307809,43.690098,-79.301499,138.54985
2025-02-11T17:25:32.641120,1.1957542,-0.18053778,9.6910553,-0.00066615618,0.0029977029,-0.0005995406,43.69009,-79.301498,138.17395
2025-02-11T17:25:33.811412,1.214384,-0.19265842,9.7340755,-0.00061619451,-0.004196784,-0.00011657734,43.690087,-79.301493,137.77472
2025-02-11T17:25:34.837983,1.1938088,-0.23448212,9.7541275,-0.00086600304,-0.00044965543,-0.001049196,43.690085,-79.301494,137.65642
2025-02-11T17:25:36.022309,1.1919384,-0.21637598,9.7028761,0.00084934913,-0.0025647013,0.0020484303,43.690081,-79.301493,137.50268
2025-02-11T17:25:37.079623,1.2119898,-0.2033575,9.7268181,-0.00086600304,0.0018485835,0.00066615618,43.69008,-79.301487,137.20193
2025-02-11T17:25:38.253660,1.2150574,-0.19243397,9.6662149,0.0012823506,0.0057289433,0.00048296325,43.69008,-79.301482,136.94848
2025-02-11T17:25:39.322043,1.2080992,-0.20709845,9.7625818,-0.00039969373,0.00054957886,-0.00068281009,43.690076,-79.301481,136.65693
2025-02-11T17:25:40.356926,1.199944,-0.21293432,9.7423058,0.0010658499,0.0033307809,0.00089931086,43.690073,-79.301477,136.36841
2025-02-11T17:25:41.389303,1.2145337,-0.22602761,9.7103586,0.00081604131,-0.00349732,0.00078273355,43.690074,-79.301474,136.06317
2025-02-11T17:25:42.556872,1.2120646,-0.2140566,9.7160444,-0.00093261868,0.00036638591,-0.00084934913,43.690075,-79.301471,135.77112
2025-02-11T17:25:43.642316,1.2133366,-0.2057517,9.7149973,-0.00089931086,-0.00068281009,-0.00064950227,43.690076,-79.301467,135.65136
2025-02-11T17:25:44.769714,1.2187983,-0.17687166,9.644742,0.0060120597,0.00071611791,0.0012823506,43.69007,-79.301459,135.56615
2025-02-11T17:25:46.144157,1.1692683,-0.21039048,9.7074404,-0.002281585,-0.0046297857,0.0023648546,43.69007,-79.301456,135.36645
2025-02-11T17:25:47.189805,2.0011785,8.6394024,0.71579146,-0.45127085,0.34733385,0.49230608,43.690067,-79.301454,135.17076
2025-02-11T17:25:48.291131,7.2887731,-0.85188687,10.234389,-2.2062926,1.3427544,1.8328454,43.690065,-79.301454,134.91143
2025-02-11T17:25:49.372384,3.9826796,-1.7720834,10.854263,0.37303081,-2.5931296,-3.9119024,43.690068,-79.301451,135.10766
2025-02-11T17:25:50.498307,4.578836,-1.6543186,8.3985605,0.029877106,0.29097703,-0.20479307,43.690067,-79.301453,135.25628
2025-02-11T17:25:51.619012,1.0700585,-0.49881697,9.6875391,-0.00063284836,0.0015321593,-0.0020151224,43.690065,-79.301454,135.33672
2025-02-11T17:25:52.804780,1.0964695,-0.49769467,9.6689091,0.00056623277,-0.0032808192,-0.00061619451,43.690058,-79.301456,134.84828
2025-02-11T17:25:53.871478,1.0836008,-0.49320555,9.7639284,-0.002464778,0.0065616383,0.00016653904,43.690054,-79.301459,134.67891
2025-02-11T17:25:55.058249,1.1117326,-0.50614923,9.696517,-0.0025647013,0.0038970138,-0.0014988515,43.690051,-79.30146,134.3549
2025-02-11T17:25:59.143809,1.0871921,-0.50584996,9.6411514,0.004746363,-0.0053292494,0.00048296325,43.690053,-79.301452,132.99033
2025-02-11T17:26:00.222264,1.0924294,-0.50136077,9.7175407,0.0016820444,0.00028311639,6.6615619e-05,43.690052,-79.301443,132.87255
2025-02-11T17:26:01.411238,1.0923545,-0.46634561,9.6067343,0.00073277182,0.0010825038,0.0010158882,43.690048,-79.301435,132.76657
2025-02-11T17:26:02.436662,0.85435593,-0.065541275,10.732907,0.077307425,-0.40064299,-0.00024980857,43.690047,-79.301431,132.42495
2025-02-11T17:26:03.514381,4.557662,0.37955579,8.0418243,-2.2269101,4.4509225,3.6767159,43.690049,-79.301429,131.90473
2025-02-11T17:26:04.642130,3.426327,-2.1337574,10.614768,1.44854,-0.50183213,-1.2118714,43.690062,-79.301433,131.43184
2025-02-11T17:26:05.755482,5.7522941,0.18173487,8.4282637,0.035472818,0.10969927,0.63529652,43.690073,-79.301445,130.87835
2025-02-11T17:26:06.875468,5.0956092,0.020126259,8.3568859,0.00049961713,-0.0022482772,-0.001398928,43.690077,-79.30145,130.53729
2025-02-11T17:26:08.068754,5.1279311,0.035613749,8.3428202,-0.00068281009,0.0017320061,8.3269522e-05,43.690078,-79.301462,130.09191
2025-02-11T17:26:09.098403,5.1091518,0.0274585,8.3128176,0.0031975498,0.0019984685,-0.0016154287,43.690077,-79.301472,129.70632
2025-02-11T17:26:10.217601,5.0827408,0.017956512,8.3280811,0.0038470521,0.00074942573,-0.0021316998,43.690078,-79.301473,128.99557
2025-02-11T17:26:11.286949,5.074286,-0.0071826051,8.3387804,0.0016986983,-0.0044632466,-0.00081604131,43.690073,-79.301472,128.36055
2025-02-11T17:26:12.597098,5.094038,0.012120646,8.2699471,0.0059954058,0.003164242,-0.0039136675,43.690076,-79.301476,127.48608
2025-02-11T17:26:13.640805,4.1715221,5.9599161,5.8420019,1.1982485,-1.2059925,-2.1594119,43.690079,-79.301484,126.79292
2025-02-11T17:26:14.773452,5.4551888,2.6320508,9.7970734,1.4434772,-2.0621364,-2.2451961,43.690074,-79.301487,127.31612
2025-02-11T17:26:15.951193,3.9053171,0.17956513,9.2589769,1.05266,-1.9956707,-2.2967734,43.690063,-79.301471,127.79697
2025-02-11T17:26:17.024992,3.1544356,0.79090959,9.0454435,1.483763,1.1832266,-0.28821248,43.690056,-79.301466,128.48279
2025-02-11T17:26:18.140467,3.0768485,-2.9422495,9.124527,-0.73901701,-0.34570175,0.3762117,43.690046,-79.301462,129.33967
2025-02-11T17:26:19.289448,2.6768672,6.4267106,4.9339261,-0.12800191,-1.3076147,-1.1432406,43.690045,-79.30146,129.40259
2025-02-11T17:26:20.446136,4.1501989,5.1482072,3.4573021,0.79887116,0.81074542,0.049195636,43.690044,-79.301457,129.56268
2025-02-11T17:26:21.539895,-6.1285577,-4.8925509,6.5126028,2.1716359,-0.28688017,0.45500132,43.690033,-79.301453,129.65881
2025-02-11T17:26:22.654607,0.75207859,-4.0160489,10.867955,1.9050735,-1.3391072,-1.7662299,43.690028,-79.301453,129.40479
2025-02-11T17:26:23.788021,-1.229647,-3.5553896,8.7625542,-1.3652538,1.2562873,1.8559278,43.690025,-79.301461,129.30552
2025-02-11T17:26:24.904592,1.8402433,2.523788,9.2838907,0.021999808,0.34613475,-0.47948256,43.690026,-79.301473,129.60808
2025-02-11T17:26:25.941285,-1.6823756,-6.1089554,7.7159882,-0.20840697,0.28513151,-0.88347298,43.690027,-79.301481,129.43046
2025-02-11T17:26:27.055701,2.4108863,3.5321958,7.3803511,-0.1234554,0.27560547,0.09812481,43.690027,-79.301493,127.97432
2025-02-11T17:26:28.188101,2.8576293,2.8617444,6.7162595,0.098091498,0.029560681,-0.20710796,43.690027,-79.301494,127.43105
2025-02-11T17:26:29.226570,3.8105965,3.8904281,6.7313728,0.18540792,-0.41225076,-0.30751434,43.690026,-79.301492,127.28863
2025-02-11T17:26:30.491845,2.194211,0.6382044,9.6613522,0.29852125,-0.60685164,-0.59342861,43.690021,-79.301486,127.44883
2025-02-11T17:26:31.531045,-1.5964088,0.86909521,10.724303,1.4895918,0.25548756,-0.96083039,43.690024,-79.301479,127.28135
2025-02-11T17:26:32.558143,-6.5738044,-0.019752163,8.0217724,1.2470944,1.6986151,0.74895942,43.690023,-79.301467,127.37936
2025-02-11T17:26:33.627690,1.3805566,-0.70943189,10.235287,0.43541634,0.93403423,0.06405092,43.69002,-79.301462,127.76379
2025-02-11T17:26:34.787110,1.1210849,-0.31184477,9.7392387,0.00019984687,0.0010158882,0.001049196,43.690016,-79.301451,128.58684
2025-02-11T17:26:35.873859,1.1764508,-0.29553428,9.8183222,0.0056956355,0.0016820444,-0.0010325421,43.69001,-79.301451,128.62205
2025-02-11T17:26:36.990862,1.1698668,-0.33107319,9.7467947,-0.00016653904,0.0018319295,-0.00094927259,43.690002,-79.301449,128.83482
2025-02-11T17:26:38.153110,1.1507132,-0.33870474,9.8836384,0.002098392,0.0075608729,-0.0015987749,43.689998,-79.301449,129.05667
2025-02-11T17:26:39.191828,1.1535563,-0.31176996,9.7144737,-0.0010991577,-0.0019151991,-0.0012157351,43.690002,-79.301454,129.32901
2025-02-11T17:26:40.225091,1.2003181,-0.25812486,9.6944971,-0.001398928,-0.0035139739,0.00048296325,43.690007,-79.301463,129.36139
2025-02-11T17:26:41.258546,3.0966754,1.9445407,8.8904943,2.4216609,-0.75150746,-1.3439035,43.690007,-79.301466,129.40503
2025-02-11T17:26:42.327137,0.30009821,-1.9834465,11.413235,1.2566371,2.0242655,1.2132869,43.690004,-79.301471,129.49637
2025-02-11T17:26:43.454239,-5.6010852,-2.5133882,7.8343515,-0.32168683,1.7189827,0.83074671,43.690006,-79.301472,129.76477
2025-02-11T17:26:44.574208,-1.5707459,1.1114333,10.073753,0.82626683,-4.5736618,-1.5767584,43.690003,-79.301475,130.25657
2025-02-11T17:26:45.608697,8.4590883,4.8255134,4.1772833,-0.19068721,-1.0428176,-1.0339577,43.690008,-79.301474,130.50735
2025-02-11T17:26:46.770061,-0.7635259,9.9767885,4.1663599,-0.71766675,-0.37053272,-1.3731977,43.69001,-79.301479,130.46478
2025-02-11T17:26:47.891314,-3.45401,-5.3552308,8.3836718,-0.052160028,0.025930129,2.234571,43.690015,-79.301476,130.81654
2025-02-11T17:26:48.975466,-1.8920178,3.1846623,8.6797295,0.89907771,-2.3813419,-1.0604208,43.690017,-79.301471,130.13881
2025-02-11T17:26:50.104574,5.6675243,5.0959835,4.5462151,-0.21356967,0.35472816,0.73262191,43.690017,-79.301464,129.33185
2025-02-11T17:26:51.223997,4.2212019,1.8979286,8.7803602,-0.053142611,0.70177889,0.59960717,43.690017,-79.301472,129.1325
2025-02-11T17:26:52.361818,-3.5978117,-1.6639702,7.8698907,-1.0063788,1.6398934,1.5759424,43.69002,-79.301473,128.81852
2025-02-11T17:26:53.475005,-8.1255465,2.4361751,7.5232549,1.9141998,-4.2024965,-0.11103158,43.69002,-79.301476,129.02051
2025-02-11T17:26:54.655902,-5.6500168,-1.0937761,7.4156656,1.6141298,0.65208364,0.3160578,43.690021,-79.301477,129.06829
2025-02-11T17:26:55.743655,4.9688663,1.081431,8.0463133,-2.0207348,-1.1907042,0.25896823,43.690034,-79.30148,129.51046
2025-02-11T17:26:56.919114,-0.31940147,2.4905684,9.3787613,0.98687708,-2.3857219,-0.57114565,43.690034,-79.30148,129.89312
2025-02-11T17:26:57.992696,-2.4904187,0.89086747,9.6804304,1.6720854,-1.3098463,-0.19734877,43.690038,-79.301482,129.82985
2025-02-11T17:26:59.029278,4.2500072,6.7482071,4.1067295,0.7380178,-1.0185195,-0.64753711,43.690043,-79.301483,129.26502
2025-02-11T17:27:00.139320,-4.8706293,1.7782185,8.2852097,0.044782352,2.0288286,0.79720575,43.690039,-79.301488,129.11399
2025-02-11T17:27:01.274076,-8.6430683,3.7946601,1.5990275,0.69167,-1.8198887,-0.014655436,43.69004,-79.301489,128.9168
2025-02-11T17:27:02.309662,5.5921068,3.242198,7.1758714,-0.16244219,-2.1023057,-1.0503452,43.690037,-79.301493,128.46278
2025-02-11T17:27:03.423482,-6.7248635,2.6514287,6.5001826,0.059604324,1.3871703,1.0345739,43.690043,-79.301497,128.31281
2025-02-11T17:27:04.589804,-1.8376994,2.5676317,9.2730427,-0.040835373,0.19694908,0.05036141,43.69005,-79.301508,128.53365
2025-02-11T17:27:05.708053,4.8430209,2.7583449,6.2384667,-0.39419794,-0.9783836,-1.2388173,43.690052,-79.301519,128.6103
2025-02-11T17:27:06.805451,5.9924626,-0.22512978,7.3271551,-0.10350402,-0.074009955,-0.54085219,43.690052,-79.30152,128.72394
2025-02-11T17:27:07.921080,4.7815948,-1.0043676,8.9948664,-0.33950651,1.0882994,1.9388143,43.69005,-79.301516,128.96582
2025-02-11T17:27:09.011696,-8.9061308,4.0311623,2.9503298,-1.2144693,2.1507518,0.87343067,43.690051,-79.301516,129.15644
2025-02-11T17:27:10.043948,-7.9676042,6.0927944,-4.5878892,1.7235292,-1.0920298,-0.58393586,43.690052,-79.301514,129.50212
2025-02-11T17:27:11.077245,-5.1722989,-0.95311671,8.3723736,-0.090064317,-3.8081152,-2.3530636,43.690051,-79.30151,129.64441
2025-02-11T17:27:12.168179,5.5523033,2.0733786,7.2990232,-1.0914303,3.147738,2.7681787,43.690052,-79.30151,129.71803
2025-02-11T17:27:13.297006,-8.0993595,1.6304513,4.1677065,-0.94332713,3.2421656,2.6343479,43.690052,-79.301512,129.87093
2025-02-11T17:27:14.384452,-8.0952444,4.8826752,1.3459154,-0.49855131,-1.2226465,0.46209589,43.690049,-79.301509,129.96164
2025-02-11T17:27:15.545346,-3.4630632,5.9652286,7.2502413,-0.85827565,-1.9074383,1.6645079,43.690038,-79.301502,130.16586
2025-02-11T17:27:16.681018,-1.1924621,5.1473093,5.9065704,-0.3170737,0.83307827,1.3371919,43.690035,-79.301502,130.03309
2025-02-11T17:27:17.813788,-1.3084313,3.5580082,9.570447,0.95573431,0.053109303,0.48977467,43.690034,-79.301506,130.70727
2025-02-11T17:27:18.838752,-0.0071826051,7.6993785,5.9349265,-0.53847069,-0.016770482,-0.044599157,43.690034,-79.301501,130.34411
2025-02-11T17:27:19.949208,-2.1003134,6.543952,7.6351094,0.013356431,-0.21486868,-0.10528599,43.690032,-79.301489,129.83976
2025-02-11T17:27:21.034065,2.6700587,6.7122192,6.6944122,-0.13689509,-1.0827203,0.20154555,43.690026,-79.301488,129.59128
2025-02-11T17:27:22.149165,-5.0883522,5.9656773,5.7240124,0.51602125,0.86235583,-0.11188094,43.690022,-79.301485,129.3589
2025-02-11T17:27:23.281983,1.9751415,5.3422871,7.4383359,0.13454689,0.23786773,-0.029011102,43.690022,-79.301485,129.0883
2025-02-11T17:27:24.452666,-0.66790748,5.3989248,7.4644475,-0.5065285,0.084002294,-0.086633615,43.690018,-79.301486,128.8105
2025-02-11T17:27:25.550366,-0.5160253,5.8050413,6.35466,1.7557878,0.45851532,0.17076914,43.690016,-79.301484,128.40992
2025-02-11T17:27:26.664334,-0.26478374,4.2919807,7.6748381,-0.22456126,-0.12868473,-0.055557426,43.690019,-79.301471,128.43042
2025-02-11T17:27:27.798026,-0.834903,4.5510035,7.7171855,0.13496324,0.53377432,-0.36458728,43.690012,-79.301468,128.1364
2025-02-11T17:27:28.977339,-0.78484923,4.4327898,8.9464588,-0.18162748,-1.9548187,0.14597148,43.690008,-79.301468,127.65096
2025-02-11T17:27:30.051193,38.467712,6.3935661,36.571655,3.1817951,0.14448927,-5.7888975,43.690006,-79.301466,127.23492
2025-02-11T17:27:31.194766,-2.0234745,5.8863692,5.1181297,-0.21080513,0.47756737,0.25398871,43.690016,-79.301474,126.87387
2025-02-11T17:27:32.220540,-0.65496379,6.0250087,7.5773492,-0.0075608729,0.027445635,0.026596285,43.690022,-79.301479,126.62002
2025-02-11T17:27:33.315407,-2.0213797,1.1820623,9.6869402,-0.71120501,-0.046314508,-0.40680492,43.69003,-79.30148,126.90184
2025-02-11T17:27:34.353024,0.57430911,6.3956609,6.9195423,0.95718318,0.026796132,0.48096478,43.690031,-79.301479,126.89966
2025-02-11T17:27:35.479773,2.1261258,7.7771153,5.1094508,-0.27455628,0.16307503,-0.041718032,43.690028,-79.301478,126.81701
2025-02-11T17:27:36.645657,-0.24525604,3.2149639,9.3394814,1.4678419,-0.18843894,0.24068223,43.690028,-79.301481,127.29878
2025-02-11T17:27:37.734512,0.84784669,6.8698626,6.9408655,-0.074825995,0.036988322,-0.0058288667,43.690034,-79.301489,127.59457
2025-02-11T17:27:38.848919,0.77355158,6.6885767,6.9498439,-0.030743109,0.0082436828,0.00018319295,43.690037,-79.30149,127.97151
2025-02-11T17:27:39.980442,0.62660748,-4.4300961,13.072042,1.3646543,-0.62330568,-0.34854957,43.69004,-79.301489,128.22973
2025-02-11T17:27:41.006281,-1.3923031,4.3818378,8.6108961,-0.35464489,1.4755193,-0.28131777,43.690041,-79.301492,128.31277
2025-02-11T17:27:42.116543,-1.4764743,5.2418056,8.1840544,0.016570635,0.028528139,0.0040302449,43.690038,-79.301497,128.96569
2025-02-11T17:27:43.405254,-1.5539117,2.5834184,9.0238962,0.1070513,0.26722854,-0.0062119067,43.69004,-79.301499,129.20903
2025-02-11T17:27:44.438448,3.8633437,-2.580276,11.612926,-1.8919003,-1.7338047,0.38155761,43.690041,-79.301501,129.53161
2025-02-11T17:27:45.471290,-0.90725279,3.9187095,7.0805521,0.42389184,2.3170078,1.4203949,43.690039,-79.301504,129.39905
2025-02-11T17:27:46.503906,-0.36795887,3.668366,8.5169239,0.17126876,-1.1725181,-1.5945281,43.690043,-79.301499,129.90093
2025-02-11T17:27:47.538168,0.13587095,5.3513403,8.4560213,0.0072777565,-0.11819276,0.038687021,43.690047,-79.301499,129.92343
2025-02-11T17:27:48.571107,0.35703534,5.4947677,7.9289975,0.030459993,-0.016137633,-0.066415772,43.690048,-79.301493,129.90113
2025-02-11T17:27:49.605288,3.3476925,8.610672,-1.6580595,0.11529499,-0.0075608729,-0.33366099,43.69005,-79.301489,129.82626
2025-02-11T17:27:50.795238,1.9130419,5.3173723,0.9649381,2.7096903,0.43539968,0.75738627,43.690058,-79.301479,129.37158
2025-02-11T17:27:51.854464,-0.32097265,6.3444848,9.6074829,-0.34332025,-0.42141041,-0.090697169,43.690062,-79.301471,129.88372
2025-02-11T17:27:52.982320,-3.6634278,2.4492683,8.3529959,0.38017535,0.67791384,-0.32420155,43.690065,-79.301471,129.94234
2025-02-11T17:27:54.108994,-3.2904561,2.7143514,8.6804028,-0.11962499,0.027861983,0.15508117,43.690069,-79.301465,129.97685
2025-02-11T17:27:55.352821,-4.7834654,6.804471,0.032770637,1.1561973,0.82671648,-0.21510184,43.690071,-79.301461,130.02353
2025-02-11T17:27:56.513561,-0.13444939,3.6145711,12.404509,0.53480685,-0.070396058,1.2085738,43.69007,-79.301461,129.69113
2025-02-11T17:27:57.603622,0.18854338,2.9293807,9.4592667,0.093778141,0.17876302,-0.090130933,43.690071,-79.30146,129.77861
2025-02-11T17:27:58.729195,-0.05948095,2.0743513,9.4479685,-0.0051127486,-0.037421323,0.081537515,43.690075,-79.301461,130.0843
2025-02-11T17:27:59.754629,-0.3179051,2.2332664,9.5611696,0.060370404,-0.019984685,0.013323124,43.69008,-79.301462,130.25836
2025-02-11T17:28:00.885593,-2.2377555,3.381361,9.566781,3.2105064,1.552044,0.94772375,43.690078,-79.301459,130.11684
2025-02-11T17:28:01.979198,-4.4467807,2.2249615,11.293449,3.2589195,1.0704297,1.3931158,43.690079,-79.301459,130.25496
2025-02-11T17:28:03.162475,-0.96104753,5.4508491,6.5676694,-6.8712511,-3.0957778,0.039886102,43.69007,-79.301456,130.03824
2025-02-11T17:28:04.262790,2.3439982,2.0085857,9.160141,0.48889202,0.063701183,-0.27340716,43.690071,-79.301455,130.39813
2025-02-11T17:28:05.296271,0.8132056,2.1398926,11.989788,-0.49187309,-0.19075383,-0.23027354,43.690071,-79.301454,130.85552
2025-02-11T17:28:06.412620,0.3764134,2.7323828,9.3646955,-0.0066615618,0.002614663,0.0070779095,43.690069,-79.301455,130.87779
2025-02-11T17:28:07.579430,0.38209963,2.6964695,9.3896847,0.0015488132,-0.00018319295,0.00051627104,43.690066,-79.301462,130.5009
2025-02-11T17:28:08.656537,0.37559038,2.7296145,9.4481182,0.0015321593,0.0015488132,0.0011990812,43.690063,-79.301465,130.59566
2025-02-11T17:28:09.745210,0.35164836,2.7606642,9.4633818,0.0044965544,0.0022149694,-0.0010158882,43.690059,-79.301465,132.08551
2025-02-11T17:28:10.804751,0.34364277,2.6856956,9.4144497,0.0039802832,-0.0055290964,-0.0022316233,43.690057,-79.301464,132.08449
2025-02-11T17:28:11.929697,0.34274495,2.6059389,9.3750954,-0.0089098392,-0.0027145864,0.0042467457,43.690056,-79.301468,131.7485
2025-02-11T17:28:13.063012,0.37349546,2.7201872,9.4207344,0.0017986217,-0.00058288669,0.00174866,43.690055,-79.301469,132.02212
2025-02-11T17:28:14.099099,0.38703766,2.7430818,9.3730001,0.00088265695,0.0067448313,0.011524502,43.690058,-79.301471,132.00812
2025-02-11T17:28:15.196425,0.34521395,2.6906338,9.3786869,0.0032808192,-0.0020484303,0.00094927259,43.690059,-79.301468,132.32406
2025-02-11T17:28:16.346246,0.36511576,3.2118964,9.1211605,-0.012990045,0.0032974731,-0.0,43.690057,-79.301462,132.27069
2025-02-11T17:28:17.513216,0.41920975,3.228132,9.2013664,0.021849923,-0.012990045,-0.013473009,43.690056,-79.301462,132.60026
2025-02-11T17:28:18.596332,-2.6011505,3.1938651,12.618416,-1.0869671,-1.3387908,1.6533663,43.690056,-79.30146,132.79639
2025-02-11T17:28:19.713210,6.6983032,-3.645247,8.9613476,-1.3761121,-1.3456855,-2.9352174,43.690054,-79.301475,133.93258
2025-02-11T17:28:20.753748,7.8327804,4.4083986,-1.7266684,-1.6172774,2.9781678,1.8841895,43.690047,-79.301483,133.62414
2025-02-11T17:28:21.796804,6.2479687,0.83684832,7.20116,-0.095676683,0.1759485,-0.12362193,43.690043,-79.301487,133.33503
2025-02-11T17:28:22.896793,1.363423,0.31805474,8.4334259,-0.47711772,0.091080204,-1.060937,43.690049,-79.301498,132.61006
2025-02-11T17:28:24.046857,4.2440219,4.7714195,6.6943374,-0.11437902,-0.49636963,-0.044682428,43.690049,-79.301503,132.09841
2025-02-11T17:28:25.180290,-0.92483521,-5.134665,4.3481693,-3.1640089,2.5611708,3.5834539,43.690044,-79.301497,131.33989
2025-02-11T17:28:26.263591,2.8424411,6.5708866,7.3501992,-0.20281126,0.28306642,0.99533725,43.690044,-79.301491,130.42676
2025-02-11T17:28:27.430236,10.587609,3.2942719,2.5005941,0.98834264,0.58208728,0.063767798,43.690042,-79.301489,130.0161
2025-02-11T17:28:28.530113,5.7372556,4.6172929,7.9154553,-0.18152757,-0.28721324,-0.19759858,43.690041,-79.30149,129.55739
2025-02-11T17:28:29.647160,7.1612816,2.1575499,5.1778355,1.359758,-3.8113461,1.2346705,43.690049,-79.301494,129.29215
2025-02-11T17:28:30.683775,-0.28992286,-2.3959224,5.205668,0.1441229,1.4738539,0.16234227,43.690048,-79.301495,129.1702
2025-02-11T17:28:31.700162,-15.790209,2.4315362,1.9731963,-2.6695044,-2.950772,0.79903769,43.690049,-79.301494,129.17651
2025-02-11T17:28:32.732816,-8.8312378,-3.1513679,1.7981203,-1.4296545,-0.09989012,-0.18787269,43.690055,-79.301496,129.43748
2025-02-11T17:28:33.765806,-7.161581,0.11716624,5.4037132,-0.57122892,0.00084934913,1.1738338,43.690054,-79.301495,129.57659
2025-02-11T17:28:34.799149,-8.9537163,-1.3643957,5.7648635,1.3617564,-0.84380341,0.038587097,43.690053,-79.301492,129.68708
2025-02-11T17:28:35.835467,-5.3165493,0.091653034,12.018968,0.84914929,-0.74353021,-0.09587653,43.690053,-79.301489,129.73661
2025-02-11T17:28:36.913957,-2.0905123,0.86857146,9.640029,0.66685563,-0.13896018,-0.21093836,43.690056,-79.301496,129.6238
2025-02-11T17:28:38.047353,-0.46380177,2.7802668,9.5584011,0.041401606,-0.15441501,0.042384189,43.690058,-79.301503,129.42623
2025-02-11T17:28:39.080872,-0.18353052,2.7300632,7.5513868,-0.12976722,0.35464489,0.998335,43.690057,-79.301505,129.49734
2025-02-11T17:28:40.213032,-0.78836572,1.4180408,8.374918,0.39459762,-0.2251941,-0.72234648,43.690048,-79.301495,129.26242
2025-02-11T17:28:41.247151,-2.6543467,-0.4297592,9.6665144,0.52964413,-0.20634188,0.73153943,43.690045,-79.301493,128.96012
2025-02-11T17:28:42.347659,-4.5886374,-0.58328742,11.118672,0.12247282,0.56523353,-0.5217002,43.690045,-79.301502,128.80979
2025-02-11T17:28:43.367527,-7.7113495,-3.2394297,4.4030867,1.0890322,2.1393273,-1.0479803,43.690045,-79.301499,128.77303
2025-02-11T17:28:44.400393,-8.2269258,-5.213449,1.6584336,-0.24074885,-0.11382944,0.25157389,43.690046,-79.301495,128.52182
2025-02-11T17:28:45.563969,-8.0350161,-5.1662383,2.295366,-0.16848755,-0.20635854,-0.011158116,43.690047,-79.301489,128.16315
2025-02-11T17:28:46.664106,-9.1076183,-4.3611879,2.2063317,-0.065116771,-0.21430245,0.43390083,43.69005,-79.301489,128.04633
2025-02-11T17:28:47.830885,-4.2384105,2.0782418,8.0630732,0.75537115,-0.9890421,-1.9212111,43.690051,-79.30149,127.54308
2025-02-11T17:28:48.907328,2.6774657,2.4009354,9.6407766,-0.57789052,0.12370521,0.015787901,43.690052,-79.301496,127.75086
2025-02-11T17:28:50.080808,2.571672,4.8159366,9.8374004,0.61722702,0.55810565,1.3107955,43.690056,-79.301497,127.37107
2025-02-11T17:28:51.197550,-0.13976152,3.1784525,9.7731314,-0.019185299,0.01010892,-0.11188094,43.690054,-79.301497,126.94024
2025-02-11T17:28:52.330260,1.50094,2.0239234,9.1464491,0.20455991,-0.14074215,0.49568683,43.690046,-79.301499,126.33649
2025-02-11T17:28:53.414259,-1.7795652,3.6489131,9.2144594,-0.24657771,-0.2224129,-0.8342607,43.690046,-79.301499,126.60204
2025-02-11T17:28:54.434337,-8.343194,0.5471499,2.6882396,1.5856682,1.767429,-2.8218377,43.690044,-79.301502,126.91772
2025-02-11T17:28:55.598091,-8.327033,-2.3542485,0.56989485,1.3239855,0.22607675,-0.36019066,43.690044,-79.301509,126.99689
2025-02-11T17:28:56.681528,-6.8370171,-3.1398458,0.29695582,-0.91831297,-0.38505495,-0.15766251,43.690046,-79.301507,126.64499
2025-02-11T17:28:57.814854,-8.5071974,-5.7898531,0.31992519,-1.5695806,-0.41743013,0.2981382,43.690044,-79.301506,126.35655
2025-02-11T17:28:58.931517,-8.4942532,-4.7269773,-0.49694648,0.055540774,0.036688551,0.0021983155,43.69004,-79.301511,126.13927
2025-02-11T17:29:00.064508,-8.3835964,-4.6731076,1.5326632,0.10845023,-0.14287385,0.092828862,43.690039,-79.301519,125.95826
2025-02-11T17:29:01.198349,-8.8964796,-4.0794954,2.3652468,0.15086773,0.17160183,-0.14845291,43.690041,-79.301526,125.91722
2025-02-11T17:29:02.217858,-8.4983683,-4.4706478,1.7150714,-0.077690467,-0.041001912,0.082503445,43.69004,-79.30153,125.80045
2025-02-11T17:29:03.381711,-8.4332762,-4.4139352,1.5260792,-0.03325785,-0.050094947,0.081754021,43.69004,-79.301535,125.72156
2025-02-11T17:29:04.473551,-8.8993225,-3.8053591,1.8372505,-0.092678979,-0.045082122,0.040002678,43.690039,-79.301544,125.75558
2025-02-11T17:29:05.501189,-8.7230492,-3.8576574,1.9747674,0.050244831,0.040019333,-0.013506317,43.690039,-79.30155,125.77756
2025-02-11T17:29:06.615285,-8.6937208,-3.9998133,2.0024505,0.0039969371,0.021899885,-0.02904441,43.690038,-79.301556,125.80736
2025-02-11T17:29:07.798406,-8.7043447,-3.9737763,1.7497873,0.064000957,0.019834802,-0.0028977795,43.690037,-79.30156,125.81936
2025-02-11T17:29:08.865060,0.21936873,-7.1704097,2.0046201,0.35531107,-0.46117994,1.2837329,43.690037,-79.30156,125.81936
2025-02-11T17:29:09.901591,-8.2902231,-4.8179569,0.97339261,0.1213237,-0.019251915,-0.055923812,43.690037,-79.30156,125.81936
2025-02-11T17:29:10.936094,-8.2954597,-4.7298951,1.6561891,-0.037654478,-0.037004977,-0.023448698,43.690037,-79.30156,125.81936
2025-02-11T17:29:12.048869,-8.3764887,-4.7220392,1.5290719,-0.0498951,0.00028311639,0.065716311,43.690037,-79.30156,125.81936
2025-02-11T17:29:13.215152,-8.1103582,-5.4520464,1.2757354,-0.52096742,-0.039219946,-0.1403258,43.690037,-79.30156,125.81936
2025-02-11T17:29:14.299351,-7.7379851,-5.8765678,0.31753099,-0.071445249,0.011990812,0.013389739,43.690037,-79.30156,125.81936
2025-02-11T17:29:15.432050,-7.816545,-5.7415199,0.3179799,-0.081104517,-0.091713056,-0.061536178,43.690037,-79.30156,125.81936
2025-02-11T17:29:16.598581,-7.6678052,-5.2890162,0.79562312,0.049795177,-0.16877067,0.10138898,43.690037,-79.30156,125.81936
2025-02-11T17:29:17.682032,-8.3950434,-4.5085812,1.88289,0.17454958,-0.014339012,0.048512824,43.690037,-79.30156,125.81936
2025-02-11T17:29:18.865249,-8.7906857,-4.5679874,1.4643536,0.083053023,0.15979421,-0.19043741,43.690037,-79.30156,125.81936
2025-02-11T17:29:19.932475,-8.318429,-5.0114384,1.6478093,-0.14395635,-0.12520406,0.023681853,43.690037,-79.30156,125.81936
2025-02-11T17:29:21.065525,-8.5184202,-5.0561051,1.6065842,-0.13952641,0.0082769906,0.11143128,43.690037,-79.30156,125.81936
2025-02-11T17:29:22.182267,-8.6957407,-4.0689459,3.8308723,-0.27120885,0.46244562,-0.24987519,43.690037,-79.30156,125.81936
2025-02-11T17:29:23.349063,-7.1942768,-6.0992289,-1.6987609,0.12377182,0.27946916,-0.184875,43.690037,-79.30156,125.81936
2025-02-11T17:29:24.482422,-4.9816604,2.6111763,5.9140525,-0.57945597,-3.3249521,1.4889424,43.690037,-79.30156,125.81936
2025-02-11T17:29:25.515749,-0.95536131,1.7120787,7.4222498,-0.47974902,0.72609359,0.074392989,43.690037,-79.30156,125.81936
2025-02-11T17:29:26.549661,-10.928858,-6.8401594,-4.2639985,1.3569769,-1.1037209,-2.3709998,43.690037,-79.30156,125.81936
2025-02-11T17:29:27.615930,-11.102961,-5.3042045,1.6952444,0.35865849,-5.328783,0.89506412,43.690037,-79.30156,125.81936
2025-02-11T17:29:28.749463,-9.746047,-4.7592988,-3.6727054,-2.199398,-2.4149494,2.1847591,43.690037,-79.30156,125.81936
2025-02-11T17:29:29.865911,-7.3008189,-5.9468231,1.8567034,0.15639682,0.7075578,0.18239357,43.690037,-79.30156,125.81936
2025-02-11T17:29:30.999110,-7.6990047,-5.8159647,0.98513919,-0.087333076,0.83535987,-0.36856756,43.690037,-79.30156,125.81936
2025-02-11T17:29:32.082709,-9.8501196,-4.1492262,-3.6751745,0.37836006,-0.21660069,-0.10806718,43.690037,-79.30156,125.81936
2025-02-11T17:29:33.152469,-7.5814643,-5.7507229,-3.9312792,-0.076657921,-0.25851858,-0.53822088,43.690037,-79.30156,125.81936
2025-02-11T17:29:34.282910,-8.1866732,-4.2512045,0.33271921,1.3169575,2.5094438,1.1981984,43.690037,-79.30156,125.81936
2025-02-11T17:29:35.449215,-8.7166147,-7.0153103,1.3305027,-1.4162648,-0.21138801,1.2799525,43.690037,-79.30156,125.81936
2025-02-11T17:29:36.528896,-7.3409967,-4.5037179,-5.5795374,-1.7330554,1.2631154,-0.31141138,43.690037,-79.30156,125.81936
2025-02-11T17:29:37.683086,-9.9159603,-6.8064909,-0.048557404,-2.7405167,0.30286792,2.4803326,43.690037,-79.30156,125.81936
2025-02-11T17:29:38.783021,-9.2805996,-3.5018194,-1.4059949,-0.71177125,-0.413683,0.45698315,43.690037,-79.30156,125.81936
2025-02-11T17:29:39.949814,-9.7202349,-4.8693571,-0.53076458,0.76726204,-0.7815178,-1.0996407,43.690037,-79.30156,125.81936
2025-02-11T17:29:41.049778,-8.8744078,-3.4993503,-3.8420203,-2.8896356,-2.0000341,0.55510795,43.690037,-79.30156,125.81936
2025-02-11T17:29:42.166320,-5.7311201,-7.7955208,-1.3042414,0.75550437,0.043616578,0.87398028,43.690037,-79.30156,125.81936
2025-02-11T17:29:43.283021,-7.2791963,-7.5138278,-0.0098760817,0.4102523,0.16867074,0.53480685,43.690037,-79.30156,125.81936
2025-02-11T17:29:44.416899,-7.1743751,-4.9561472,-3.4872296,0.55595732,-0.020650841,-0.13934322,43.690037,-79.30156,125.81936
2025-02-11T17:29:45.533344,-7.794548,-6.1286325,-0.79487497,0.029360835,-0.056606624,0.14750363,43.690037,-79.30156,125.81936
2025-02-11T17:29:46.570078,-8.2751837,-5.1432691,-0.39451954,-0.090280816,0.047979899,-0.14851952,43.690037,-79.30156,125.81936
2025-02-11T17:29:47.683650,-7.61199,-5.5374894,-0.090455934,-0.062435489,-0.53444046,-0.17699771,43.690037,-79.30156,125.81936
2025-02-11T17:29:48.816571,-7.3557358,-7.1992149,-1.0655694,0.97871667,1.7846324,0.29061064,43.690037,-79.30156,125.81936
2025-02-11T17:29:49.999950,-5.3940616,-7.9096942,0.23171383,0.074592836,0.20973928,0.023365429,43.690037,-79.30156,125.81936
2025-02-11T17:29:51.074038,-5.7045598,-7.217845,-2.8704982,2.7791038,-0.68635738,-4.4417129,43.690037,-79.30156,125.81936
2025-02-11T17:29:52.100548,-9.6683102,-3.4748845,-1.6395793,0.5515607,0.83727509,-0.71015579,43.690037,-79.30156,125.81936
2025-02-11T17:29:53.266729,-3.5989342,-6.6686749,0.022071548,0.87952602,1.7331053,-1.439014,43.690037,-79.30156,125.81936
2025-02-11T17:29:54.383563,-6.0807486,-6.1814547,0.32808045,0.7169506,0.15696305,0.066549003,43.690037,-79.30156,125.81936
2025-02-11T17:29:55.516951,-8.4265423,-4.871078,-1.2447604,-3.6609447,-3.5016167,3.403342,43.690037,-79.30156,125.81936
2025-02-11T17:29:56.560926,-9.7520323,-2.5039608,0.4006547,0.14152488,0.25392208,0.0049628639,43.690037,-79.30156,125.81936
2025-02-11T17:29:57.667176,-6.793622,-7.9382,-3.2090533,-6.8765473,-6.2158699,0.86785161,43.690037,-79.30156,125.81936
2025-02-11T17:29:58.700744,-5.5148191,-7.943213,1.2496237,0.43566614,0.3926158,0.014871937,43.690037,-79.30156,125.81936
2025-02-11T17:29:59.732860,-7.3683801,-6.2683191,-2.5991304,-1.2290748,-1.0378547,-0.42693952,43.690037,-79.30156,125.81936
2025-02-11T17:30:00.800608,-0.37297174,2.8592753,7.917625,0.35629365,0.3964462,0.42898792,43.690037,-79.30156,125.81936
2025-02-11T17:30:01.834109,0.23223756,3.6727803,8.8571997,0.20141232,-0.086367153,-0.36243892,43.690037,-79.30156,125.81936
2025-02-11T17:30:02.950440,-3.8038628,2.5698013,9.0794115,0.028961141,0.20166214,0.5055626,43.690037,-79.30156,125.81936
2025-02-11T17:30:04.117209,-7.8592663,-5.7874589,-1.3308768,-3.2771721,-2.6618936,2.1117318,43.690037,-79.30156,125.81936
2025-02-11T17:30:05.204084,-8.9605246,-2.5304468,0.55927056,-2.2775881,-0.5609535,1.9272898,43.690037,-79.30156,125.81936
2025-02-11T17:30:06.367514,-8.5583735,-4.2733507,-1.7101334,0.68554133,0.070096284,-0.21656738,43.690037,-79.30156,125.81936
2025-02-11T17:30:07.450690,-9.479393,-4.4372787,-0.70883334,4.2187505,1.9671093,0.52699614,43.690037,-79.30156,125.81936
2025-02-11T17:30:08.584204,-10.61791,-5.0845361,4.758925,4.489543,4.9662943,0.42019469,43.690037,-79.30156,125.81936
2025-02-11T17:30:09.700797,-8.7605333,-3.6867714,-0.19624972,2.2419319,4.5692821,-2.6981657,43.690037,-79.30156,125.81936
2025-02-11T17:30:10.884148,-10.534039,-3.007267,-5.9480948,-6.0896335,-4.6589632,2.9618304,43.690037,-79.30156,125.81936
2025-02-11T17:30:12.001252,-7.5662761,-3.2525229,-1.5432874,-0.25855187,-0.10865007,0.17438304,43.690037,-79.30156,125.81936
2025-02-11T17:30:13.084484,-10.929381,-3.0058453,0.71429509,-1.9781342,-1.3930491,-0.2592347,43.690037,-79.30156,125.81936
2025-02-11T17:30:14.218083,-9.3982143,-4.7221889,1.6150386,-0.0522433,-0.97541922,0.33577603,43.690037,-79.30156,125.81936
2025-02-11T17:30:15.384769,-11.093983,-2.0252702,0.61935008,-0.13556279,0.33874044,-0.43789777,43.690037,-79.30156,125.81936
2025-02-11T17:30:16.468199,-9.37113,-2.4364743,-0.0094271693,-3.7455797,-3.3885033,0.62398851,43.690037,-79.30156,125.81936
2025-02-11T17:30:17.501541,-6.029273,-7.576077,0.47457567,1.4120179,0.4861941,-0.65361583,43.690037,-79.30156,125.81936
2025-02-11T17:30:18.535070,-8.9511719,-3.6339493,3.5360863,-2.0888159,3.2732751,0.57266116,43.690037,-79.30156,125.81936
2025-02-11T17:30:19.634966,-8.0106249,-7.485322,-0.10250176,-2.4227767,0.50443012,-0.23621899,43.690037,-79.30156,125.81936
2025-02-11T17:30:20.768193,-9.1234045,-3.5928738,2.5915737,-2.5571072,2.4647613,0.84275419,43.690037,-79.30156,125.81936
2025-02-11T17:30:21.801214,-6.33214,-2.4640825,2.707917,-1.7427979,0.87323087,1.7544556,43.690037,-79.30156,125.81936
2025-02-11T17:30:22.968001,-7.2233815,-6.1389575,1.2063783,0.23012365,0.72757578,-1.058722,43.690037,-79.30156,125.81936
2025-02-11T17:30:24.053826,-6.5206084,0.039354689,5.7020907,-0.84421974,0.88433897,1.7894621,43.690037,-79.30156,125.81936
2025-02-11T17:30:25.168520,-5.576395,-2.9028199,3.314847,-1.3350769,-1.2076745,3.681479,43.690037,-79.30156,125.81936
2025-02-11T17:30:26.334867,-5.3138556,1.7673697,6.477438,0.12758556,-0.98293012,1.0579892,43.690037,-79.30156,125.81936
2025-02-11T17:30:27.469713,-1.8646342,3.6760724,8.7484131,0.17892955,0.05590716,0.13418052,43.690037,-79.30156,125.81936
2025-02-11T17:30:28.551635,-5.1402016,7.1249948,5.9455509,0.1541985,-0.26413092,0.1117477,43.690037,-79.30156,125.81936
2025-02-11T17:30:29.685153,-2.9086559,2.8579288,8.0481091,0.10040639,-0.54524887,-1.4529699,43.690037,-79.30156,125.81936
2025-02-11T17:30:30.852091,-3.8763621,3.43134,6.6873794,-0.15131737,0.43371764,0.21328656,43.690037,-79.30156,125.81936
2025-02-11T17:30:31.968223,-2.1019595,2.373477,9.0521774,0.01672052,-0.041118491,-0.10840026,43.690037,-79.30156,125.81936
2025-02-11T17:30:33.051888,-2.9718776,2.2402246,9.2099705,0.037637826,0.036838438,0.042983729,43.690037,-79.30156,125.81936
2025-02-11T17:30:34.235530,-3.8073792,2.8644378,8.4975452,-0.22627661,0.42022797,0.45766595,43.690037,-79.30156,125.81936
2025-02-11T17:30:35.352081,-1.2608465,2.4487445,9.4078655,-0.087499619,0.10248813,0.68414241,43.690026,-79.301483,123.80616
2025-02-11T17:30:36.446158,-5.5502834,3.0289645,7.8214083,-0.013656202,0.0078606429,-0.066998661,43.690036,-79.301487,124.22328
2025-02-11T17:30:37.602191,-3.3527801,4.741118,11.116652,0.48949158,-0.42942095,-1.0429342,43.690057,-79.301487,124.39944
2025-02-11T17:30:38.702441,-4.459949,3.3259203,8.7070379,-0.17481604,0.55619043,0.56131989,43.690066,-79.301485,124.37537
2025-02-11T17:30:39.868715,-5.9626098,2.7410617,7.2408142,-0.036688551,0.020500956,-0.012207313,43.690092,-79.301482,124.20091
2025-02-11T17:30:40.934954,-5.9011836,2.9343185,7.2069211,-0.022366194,-0.011208078,0.018852221,43.6901,-79.301476,124.14246
2025-02-11T17:30:41.973215,-5.3351045,2.9133694,7.6268792,-0.0054624807,0.03910337,0.056639932,43.690104,-79.301472,124.14246
2025-02-11T17:30:43.052395,-5.5142207,2.8502972,7.3867855,-0.076258227,-0.1584619,0.17409992,43.690108,-79.301467,124.14246
2025-02-11T17:30:44.118671,-5.5282865,3.2543187,7.5461497,-0.17061925,-0.28817916,0.20552585,43.690113,-79.301463,124.14246
2025-02-11T17:30:45.152291,0.84762222,2.7484686,9.2267294,0.33607581,-0.027445635,0.62580377,43.690117,-79.301459,124.14246
2025-02-11T17:30:46.318845,-0.84605104,3.2893338,7.8150482,0.095843226,-0.044915583,0.33309475,43.690117,-79.301459,124.14246
2025-02-11T17:30:47.360826,4.9694648,6.8865471,-0.019078795,1.2803688,-1.557673,-0.22814184,43.690117,-79.301459,124.14246
2025-02-11T17:30:48.424767,-0.41793784,-3.8858643,15.620595,6.3910694,-4.7407336,-1.3520472,43.690117,-79.301459,124.14246
2025-02-11T17:30:49.552661,6.8913355,6.9366007,0.92775315,-0.43624905,0.79272586,0.26073354,43.690117,-79.301459,124.14246
2025-02-11T17:30:50.588330,-3.7597945,2.1824646,9.5269022,-0.39246592,0.64030933,1.429438,43.690117,-79.301459,124.14246
2025-02-11T17:30:51.685725,-0.34685996,0.89528179,10.264616,-0.43318471,0.062868491,0.19989681,43.690117,-79.301459,124.14246
2025-02-11T17:30:52.869479,-8.1096096,-4.2718544,0.99703538,-0.7955237,0.1915199,0.081737362,43.690117,-79.301459,124.14246
2025-02-11T17:30:53.986262,-7.7528739,0.037334584,-1.0036194,-0.61073202,-1.3193556,-0.51255721,43.690117,-79.301459,124.14246
2025-02-11T17:30:55.119768,-8.9005947,-2.8440871,5.0996494,-3.3961976,-3.4977031,1.755688,43.690117,-79.301459,124.14246
2025-02-11T17:30:56.252804,-4.549881,-0.2694225,6.4857426,-0.2305067,0.16563974,0.54291731,43.690117,-79.301459,124.14246
2025-02-11T17:30:57.370168,-9.2711716,-1.1441292,7.0593786,0.27757064,-2.231257,0.10676818,43.690117,-79.301459,124.14246
2025-02-11T17:30:58.462748,-3.1093199,2.1018097,8.9704752,0.021366959,0.11114816,0.018402565,43.690117,-79.301459,124.14246
2025-02-11T17:30:59.586517,-3.4269257,2.2438159,8.895731,0.0047796709,0.0051127486,0.00036638591,43.690117,-79.301459,124.14246
2025-02-11T17:31:00.719754,-3.2952445,2.2405238,8.724247,-0.0090763783,-0.0015654671,-3.330781e-05,43.690117,-79.301459,124.14246
2025-02-11T17:31:01.752961,-3.4152539,2.3743,9.0698347,0.002464778,-0.01786964,0.0053625572,43.690117,-79.301459,124.14246
2025-02-11T17:31:02.836440,-3.47668,2.2559366,8.865654,0.0069446783,0.0065616383,0.010525268,43.690117,-79.301459,124.14246
2025-02-11T17:31:03.873307,-3.4684501,2.0036476,8.9672585,-0.021050535,0.0065949461,-0.0024980856,43.690117,-79.301459,124.14246
2025-02-11T17:31:05.069909,-1.842039,-1.2044331,12.275821,-0.45027164,-3.9062066,0.55878848,43.690117,-79.301459,124.14246
2025-02-11T17:31:06.147387,2.9869163,1.0473136,11.372309,0.25683653,1.8096466,0.42745578,43.690117,-79.301459,124.14246
2025-02-11T17:31:07.173022,4.006547,2.1998224,0.33099839,1.9306206,-3.4193964,-0.5831365,43.690117,-79.301459,124.14246
2025-02-11T17:31:08.336386,3.3634045,4.3991213,10.039935,0.78531486,-0.87834358,0.53560621,43.690117,-79.301459,124.14246
2025-02-11T17:31:09.420052,3.0850036,6.47856,6.4032927,0.19530034,0.94892287,0.14921899,43.690117,-79.301459,124.14246
2025-02-11T17:31:10.553547,9.2476788,-0.051250879,2.5590274,-2.4151993,-1.6311001,0.50854361,43.690117,-79.301459,124.14246
2025-02-11T17:31:11.670152,7.8615856,-5.4511485,4.9011555,-3.4901421,-0.80420041,-1.6459388,43.690117,-79.301459,124.14246
2025-02-11T17:31:12.803687,9.9413242,1.1823616,1.9136405,1.4366324,-0.14485566,0.38189068,43.690117,-79.301459,124.14246
2025-02-11T17:31:13.920233,6.0329394,-1.0224738,4.5825768,-0.49806833,-0.45841539,1.3013362,43.690117,-79.301459,124.14246
2025-02-11T17:31:14.953681,11.225365,-1.3695582,3.3321302,-0.30733114,-0.13962634,0.12848487,43.690117,-79.301459,124.14246
2025-02-11T17:31:16.119984,11.937565,4.1103954,3.2496798,-1.1176935,-0.84100556,0.61128157,43.690117,-79.301459,124.14246
2025-02-11T17:31:17.235075,9.2165546,3.8460605,2.3868694,-0.71848273,-0.51936865,0.21020558,43.690117,-79.301459,124.14246
2025-02-11T17:31:18.332138,10.812514,1.4128783,4.3790698,0.57422662,0.2966893,-0.24884264,43.690117,-79.301459,124.14246
2025-02-11T17:31:19.453580,9.5779295,4.7172508,4.017695,1.3856049,0.71545178,0.72715944,43.690117,-79.301459,124.14246
2025-02-11T17:31:20.570245,7.7765169,4.1928458,4.3675475,-1.4948212,0.60410374,-0.53447378,43.690117,-79.301459,124.14246
2025-02-11T17:31:21.703682,6.0051818,2.1594203,7.327529,0.14986849,-0.096842453,0.078040197,43.690117,-79.301459,124.14246
2025-02-11T17:31:22.837219,6.4199772,1.8635868,7.3196731,0.0091763018,0.067281775,0.16367458,43.690058,-79.301504,125.787
2025-02-11T17:31:23.874887,6.0382514,0.63880295,8.2692738,0.063751146,0.29014432,-0.20577565,43.690056,-79.301513,125.82523
2025-02-11T17:31:25.020378,5.830255,3.4317141,6.4813285,0.27292418,0.22326225,0.017403331,43.690055,-79.301521,125.8478
2025-02-11T17:31:26.115878,3.4947114,0.060154319,9.2605476,0.69699925,0.10475306,1.1978321,43.690048,-79.301512,125.79396
2025-02-11T17:31:27.237624,3.2404771,1.0146927,9.1682959,-0.0011158116,-0.01147454,0.0032142035,43.690045,-79.301513,125.57586
2025-02-11T17:31:28.404021,3.7095912,0.88765025,8.9928465,-0.13816079,-0.061686065,-0.18898851,43.690045,-79.301513,125.57586
2025-02-11T17:31:29.437576,3.6424787,0.53966802,9.221118,0.19325191,0.015771247,0.28251684,43.690045,-79.301513,125.57586
2025-02-11T17:31:30.553994,3.1570542,0.89917237,9.1534071,-0.091679744,0.030776417,0.10603541,43.690045,-79.301513,125.57586
2025-02-11T17:31:31.638431,2.7982233,0.61201781,9.585187,-0.085667685,-0.090513974,-0.33466023,43.690045,-79.301513,125.57586
2025-02-11T17:31:32.673256,10.425626,2.144232,-9.1799679,-1.863622,0.73711848,1.1259372,43.690045,-79.301513,125.57586
2025-02-11T17:31:33.708685,5.1633205,3.47668,-6.8355207,5.1755009,-3.6989322,-0.85173064,43.690045,-79.301513,125.57586
2025-02-11T17:31:34.804608,8.9305964,4.2866683,0.6784569,-1.7719256,0.080271818,0.22839165,43.690045,-79.301513,125.57586
2025-02-11T17:31:35.954658,10.387842,3.5249383,3.2034419,0.12139031,-0.40407369,0.39394811,43.690045,-79.301513,125.57586
2025-02-11T17:31:37.071175,1.1672481,2.544812,8.3152122,-0.488509,2.829998,0.97586888,43.690045,-79.301513,125.57586
2025-02-11T17:31:38.205009,-2.5639656,2.1161003,8.9348612,0.088548809,0.19043741,0.032241959,43.690045,-79.301513,125.57586
2025-02-11T17:31:39.249103,-1.0441712,1.9264345,9.493309,-0.024714395,-0.034473583,0.025713628,43.690045,-79.301513,125.57586
2025-02-11T17:31:40.273735,-1.6345664,2.0008793,9.7572699,0.089531392,0.029377488,-0.003314127,43.690045,-79.301513,125.57586
2025-02-11T17:31:41.371519,-2.2847419,2.7578959,9.1417351,-0.01893549,0.32250288,0.54947895,43.690045,-79.301513,125.57586
2025-02-11T17:31:42.538124,-3.0247746,2.7976995,8.5832129,-0.02043434,-0.099440463,0.062418837,43.690045,-79.301513,125.57586
2025-02-11T17:31:43.632291,-0.8893711,2.6128972,9.0022736,0.048912518,-0.23843396,0.62675303,43.690045,-79.301513,125.57586
2025-02-11T17:31:44.738180,1.6677859,2.9338698,9.5293713,0.28789607,0.44659111,-0.17798027,43.690045,-79.301513,125.57586
2025-02-11T17:31:45.921652,-0.57640404,2.7480946,9.3399305,-0.19371822,-0.11444563,0.46995655,43.690045,-79.301513,125.57586
2025-02-11T17:31:47.009174,0.8821885,2.384625,10.416498,0.14185797,0.34521881,0.38180742,43.690045,-79.301513,125.57586
2025-02-11T17:31:48.188312,0.75215346,1.5864578,8.2952356,0.31687385,-0.062169027,-0.24957542,43.690045,-79.301513,125.57586
2025-02-11T17:31:49.262234,-0.51033908,1.8445079,9.0346699,0.018236026,0.098241381,0.94371015,43.690045,-79.301513,125.57586
2025-02-11T17:31:50.376857,-0.47337857,1.3830255,9.8421144,-0.017636485,0.35880837,1.3209877,43.690045,-79.301513,125.57586
2025-02-11T17:31:51.407856,-0.10482115,1.978284,9.0512791,1.2555712,1.8178403,0.10132236,43.690045,-79.301513,125.57586
2025-02-11T17:31:52.571863,-4.019341,5.5030727,3.7311389,-1.7280757,0.68027872,0.27458957,43.690045,-79.301513,125.57586
2025-02-11T17:31:53.655499,-2.9461401,3.8634934,9.7502365,-2.1841264,-1.7514745,1.3017858,43.690045,-79.301513,125.57586
2025-02-11T17:31:54.821975,-1.3418752,2.2327428,8.2426376,-2.0376718,-1.6398934,0.36858422,43.690045,-79.301513,125.57586
2025-02-11T17:31:55.955269,-9.310751,7.0244384,5.6581721,-2.0658836,-2.1477709,0.67756414,43.690045,-79.301513,125.57586
2025-02-11T17:31:57.038442,-14.109105,-3.7717655,0.86086518,-1.1506183,-1.064401,-1.9397469,43.690045,-79.301513,125.57586
2025-02-11T17:31:58.074426,-8.8560772,-4.8820019,1.2598739,-0.03472339,0.7593348,-0.097924963,43.690045,-79.301513,125.57586
2025-02-11T17:31:59.221993,-8.0079317,-5.3743095,0.55276132,0.057239469,0.058688361,0.94104552,43.690045,-79.301513,125.57586
2025-02-11T17:32:00.308912,-8.1941557,-4.6811881,-1.7033249,0.42565715,-0.0057122894,0.29280895,43.690045,-79.301513,125.57586
2025-02-11T17:32:01.488478,-9.3198042,-5.0658317,0.96239424,0.050028332,0.51478887,0.26514682,43.690045,-79.301513,125.57586
2025-02-11T17:32:02.522703,-7.9266033,-6.8289366,-1.0654945,-0.03360758,-0.15934455,0.55074465,43.690045,-79.301513,125.57586
2025-02-11T17:32:03.601639,-7.7565403,-5.6034045,-0.83460373,-0.081221096,-0.39994353,0.13544621,43.690045,-79.301513,125.57586
2025-02-11T17:32:04.772176,-8.0566387,-5.4169559,-0.10452187,-0.015821209,-0.025630359,0.0066116001,43.690045,-79.301513,125.57586
2025-02-11T17:32:05.838731,-8.1629562,-5.384335,0.16744448,0.015388208,-0.0030143568,-0.039952718,43.690045,-79.301513,125.57586
2025-02-11T17:32:06.972277,-8.2213898,-5.3080201,-0.070329674,-0.078689702,0.0021983155,-0.014722052,43.690045,-79.301513,125.57586
2025-02-11T17:32:08.139202,-8.0290298,-5.4813004,-0.1340753,-0.065016843,-0.080388397,-0.0064617149,43.690045,-79.301513,125.57586
2025-02-11T17:32:09.175670,-8.0683098,-5.4991074,-0.14028525,-0.0037637826,-0.012024119,0.0015987749,43.690045,-79.301513,125.57586
2025-02-11T17:32:10.289432,-7.4804587,-5.5031476,1.7423803,-1.220015,-0.49733555,-0.5169372,43.690045,-79.301513,125.57586
2025-02-11T17:32:11.372752,-9.9373589,-3.8747909,0.7354688,0.92654002,0.72679305,-0.21376953,43.690045,-79.301513,125.57586
2025-02-11T17:32:12.506079,-8.4364185,-5.0418897,0.38157588,-0.0048129787,0.095460184,0.26483038,43.690045,-79.301513,125.57586
2025-02-11T17:32:13.622830,-10.77503,-2.9710546,4.2802339,-0.38963476,-1.3901681,1.5599546,43.690045,-79.301513,125.57586
2025-02-11T17:32:14.756072,-4.046051,3.5909286,8.1146975,0.025746936,0.43233538,0.71063876,43.690045,-79.301513,125.57586
2025-02-11T17:32:15.923040,-12.528558,2.9425488,0.44539633,2.5302112,0.81261063,-2.5669997,43.690045,-79.301513,125.57586
2025-02-11T17:32:17.022785,-9.4962273,-2.1564276,0.50712186,1.123639,0.075675346,0.052842841,43.690045,-79.301513,125.57586
2025-02-11T17:32:18.323192,-10.410887,0.96815532,3.8197992,0.17516577,-0.65879518,1.0873168,43.690045,-79.301513,125.57586
2025-02-11T17:34:24.631167,-10.410887,0.96815532,3.8197992,0.17516577,-0.65879518,1.0873168,43.690045,-79.301513,125.57586
2025-02-11T17:34:25.673886,-10.410887,0.96815532,3.8197992,0.17516577,-0.65879518,1.0873168,43.690045,-79.301513,125.57586
2025-02-11T17:34:26.778037,-10.410887,0.96815532,3.8197992,0.17516577,-0.65879518,1.0873168,43.690045,-79.301513,125.57586
2025-02-11T17:34:27.961441,-10.410887,0.96815532,3.8197992,0.17516577,-0.65879518,1.0873168,43.690045,-79.301513,125.57586
2025-02-11T17:34:29.078294,-10.410887,0.96815532,3.8197992,0.17516577,-0.65879518,1.0873168,43.690045,-79.301513,125.57586
2025-02-11T17:34:30.211801,-10.410887,0.96815532,3.8197992,0.17516577,-0.65879518,1.0873168,43.690045,-79.301513,125.57586
2025-02-11T17:34:31.292073,-10.410887,0.96815532,3.8197992,0.17516577,-0.65879518,1.0873168,43.690045,-79.301513,125.57586
2025-02-11T17:34:32.461629,-10.410887,0.96815532,3.8197992,0.17516577,-0.65879518,1.0873168,43.690045,-79.301513,125.57586
2025-02-11T17:34:33.545254,-10.410887,0.96815532,3.8197992,0.17516577,-0.65879518,1.0873168,43.690045,-79.301513,125.57586
2025-02-11T17:34:34.564601,-10.410887,0.96815532,3.8197992,0.17516577,-0.65879518,1.0873168,43.690045,-79.301513,125.57586
2025-02-11T17:34:35.695226,-10.410887,0.96815532,3.8197992,0.17516577,-0.65879518,1.0873168,43.690045,-79.301513,125.57586
2025-02-11T17:34:36.861938,-10.410887,0.96815532,3.8197992,0.17516577,-0.65879518,1.0873168,43.690045,-79.301513,125.57586
2025-02-11T17:34:38.011541,-10.410887,0.96815532,3.8197992,0.17516577,-0.65879518,1.0873168,43.690045,-79.301513,125.57586
2025-02-11T17:34:39.072518,-10.410887,0.96815532,3.8197992,0.17516577,-0.65879518,1.0873168,43.690045,-79.301513,125.57586
2025-02-11T17:34:40.345306,-10.410887,0.96815532,3.8197992,0.17516577,-0.65879518,1.0873168,43.690045,-79.301513,125.57586
2025-02-11T17:34:41.396711,-10.410887,0.96815532,3.8197992,0.17516577,-0.65879518,1.0873168,43.690045,-79.301513,125.57586
2025-02-11T17:34:42.438053,-10.410887,0.96815532,3.8197992,0.17516577,-0.65879518,1.0873168,43.690045,-79.301513,125.57586
2025-02-11T17:34:43.495268,-10.410887,0.96815532,3.8197992,0.17516577,-0.65879518,1.0873168,43.690045,-79.301513,125.57586
2025-02-11T17:34:44.595241,-10.410887,0.96815532,3.8197992,0.17516577,-0.65879518,1.0873168,43.690045,-79.301513,125.57586
2025-02-11T17:34:45.778495,-10.410887,0.96815532,3.8197992,0.17516577,-0.65879518,1.0873168,43.690045,-79.301513,125.57586
2025-02-11T17:34:46.895182,-10.410887,0.96815532,3.8197992,0.17516577,-0.65879518,1.0873168,43.690045,-79.301513,125.57586
2025-02-11T17:34:48.028475,-10.410887,0.96815532,3.8197992,0.17516577,-0.65879518,1.0873168,43.690045,-79.301513,125.57586
2025-02-11T17:34:49.161767,-10.410887,0.96815532,3.8197992,0.17516577,-0.65879518,1.0873168,43.690045,-79.301513,125.57586
2025-02-11T17:34:50.278378,-10.410887,0.96815532,3.8197992,0.17516577,-0.65879518,1.0873168,43.690045,-79.301513,125.57586
2025-02-11T17:34:51.366774,-10.410887,0.96815532,3.8197992,0.17516577,-0.65879518,1.0873168,43.690045,-79.301513,125.57586
2025-02-11T17:34:52.745528,-10.410887,0.96815532,3.8197992,0.17516577,-0.65879518,1.0873168,43.690045,-79.301513,125.57586
2025-02-11T17:34:53.824173,-10.410887,0.96815532,3.8197992,0.17516577,-0.65879518,1.0873168,43.690045,-79.301513,125.57586
2025-02-11T17:34:54.945218,-10.410887,0.96815532,3.8197992,0.17516577,-0.65879518,1.0873168,43.690045,-79.301513,125.57586
2025-02-11T17:34:56.111771,-10.410887,0.96815532,3.8197992,0.17516577,-0.65879518,1.0873168,43.690045,-79.301513,125.57586
2025-02-11T17:34:57.163137,-10.410887,0.96815532,3.8197992,0.17516577,-0.65879518,1.0873168,43.690045,-79.301513,125.57586
2025-02-11T17:37:44.526349,-10.410887,0.96815532,3.8197992,0.17516577,-0.65879518,1.0873168,43.690045,-79.301513,125.57586
2025-02-11T17:37:45.561578,-10.410887,0.96815532,3.8197992,0.17516577,-0.65879518,1.0873168,43.690045,-79.301513,125.57586
2025-02-11T17:37:46.677479,-10.410887,0.96815532,3.8197992,0.17516577,-0.65879518,1.0873168,43.690045,-79.301513,125.57586
2025-02-11T17:37:47.714175,-10.410887,0.96815532,3.8197992,0.17516577,-0.65879518,1.0873168,43.690045,-79.301513,125.57586
2025-02-11T17:37:48.827667,-10.410887,0.96815532,3.8197992,0.17516577,-0.65879518,1.0873168,43.690045,-79.301513,125.57586
2025-02-11T17:37:49.977675,-10.410887,0.96815532,3.8197992,0.17516577,-0.65879518,1.0873168,43.690045,-79.301513,125.57586
2025-02-11T17:37:51.161453,-10.410887,0.96815532,3.8197992,0.17516577,-0.65879518,1.0873168,43.690045,-79.301513,125.57586
2025-02-11T17:37:52.234617,-10.410887,0.96815532,3.8197992,0.17516577,-0.65879518,1.0873168,43.690045,-79.301513,125.57586
2025-02-11T17:37:53.410761,-10.410887,0.96815532,3.8197992,0.17516577,-0.65879518,1.0873168,43.690045,-79.301513,125.57586
2025-02-11T17:37:54.444603,-10.410887,0.96815532,3.8197992,0.17516577,-0.65879518,1.0873168,43.690045,-79.301513,125.57586
2025-02-11T17:37:55.510330,-10.410887,0.96815532,3.8197992,0.17516577,-0.65879518,1.0873168,43.690045,-79.301513,125.57586
2025-02-11T17:37:56.627978,-10.410887,0.96815532,3.8197992,0.17516577,-0.65879518,1.0873168,43.690045,-79.301513,125.57586
2025-02-11T17:37:57.744653,-10.410887,0.96815532,3.8197992,0.17516577,-0.65879518,1.0873168,43.690045,-79.301513,125.57586
2025-02-11T17:37:58.878385,-10.410887,0.96815532,3.8197992,0.17516577,-0.65879518,1.0873168,43.690045,-79.301513,125.57586
2025-02-11T17:38:00.011022,-10.410887,0.96815532,3.8197992,0.17516577,-0.65879518,1.0873168,43.690045,-79.301513,125.57586
2025-02-11T17:38:01.227510,-10.410887,0.96815532,3.8197992,0.17516577,-0.65879518,1.0873168,43.690045,-79.301513,125.57586
2025-02-11T17:38:02.261612,-10.410887,0.96815532,3.8197992,0.17516577,-0.65879518,1.0873168,43.690045,-79.301513,125.57586
2025-02-11T17:38:03.393473,-10.410887,0.96815532,3.8197992,0.17516577,-0.65879518,1.0873168,43.690045,-79.301513,125.57586
2025-02-11T17:38:04.494525,-0.070778586,5.1479077,8.187048,-0.27913609,-0.076441422,-0.0021650076,43.690028,-79.301546,
2025-02-11T17:38:05.644438,-0.062249243,0.19602527,9.8052282,-0.00011657734,-0.00066615618,0.000699464,43.690028,-79.301546,
2025-02-11T17:38:06.760819,-0.085742347,0.23313539,9.7788172,0.0013656202,0.0015987749,-0.0002997703,43.690028,-79.301546,
2025-02-11T17:38:07.877766,-0.076913729,0.18757074,9.8444338,-0.0011491195,-0.0046797474,-0.0016653904,43.690028,-79.301546,
2025-02-11T17:38:09.011187,-0.080056116,0.22707507,9.8026848,-0.0011491195,-0.0081604132,-0.0020817381,43.690028,-79.301546,
2025-02-11T17:38:10.144151,-0.12322657,0.23425767,9.8272257,-8.3269522e-05,-0.0076274886,-0.0018152756,43.690028,-79.301546,
2025-02-11T17:38:11.277834,-0.063221887,0.23784898,9.7848034,0.00016653904,-0.0013489663,-0.0011657734,43.690028,-79.301546,
2025-02-11T17:38:12.394445,-0.0017956513,0.28588265,9.9830732,0.0029643951,0.011607772,0.00013323124,43.690028,-79.301546,
2025-02-11T17:38:13.527698,-0.059855044,0.20792146,9.8063507,-0.0010325421,-0.0058788285,-0.00091596477,43.690028,-79.301546,
2025-02-11T17:38:14.659959,-0.04683657,0.28303954,9.8302183,-0.0017153522,-0.0030809725,0.00026646248,43.690028,-79.301546,
2025-02-11T17:38:15.814643,-0.055365913,0.21136312,9.8385983,-0.0027645482,0.0021316998,-0.0011657734,43.690028,-79.301546,
2025-02-11T17:38:16.928066,-0.08379706,0.23545477,9.8155537,0.00036638591,-0.0012490428,0.00088265695,43.690028,-79.301546,
2025-02-11T17:38:18.060976,-0.092101946,0.21996728,9.8094187,0.0014322358,9.9923433e-05,0.00046630934,43.690028,-79.301546,
2025-02-11T17:38:19.154512,-0.074669167,0.20949265,9.7323551,0.00073277182,-0.0024814319,-0.0002997703,43.690028,-79.301546,
2025-02-11T17:38:20.331079,-0.089707747,0.21398178,9.8118877,-0.00089931086,-0.0013656202,-0.00091596477,43.690028,-79.301546,
2025-02-11T17:38:21.351099,-1.0449942,0.3812018,10.707843,-0.0019485069,-0.65881181,0.038303982,43.690028,-79.301546,
2025-02-11T17:38:22.545740,-0.90485859,-2.0093338,13.40536,-1.0066953,1.4843625,-0.21691711,43.690028,-79.301546,
2025-02-11T17:38:23.666128,2.1596448,3.0449009,7.1084595,0.0955268,0.30676493,-0.96364492,43.690028,-79.301546,
2025-02-11T17:38:24.784695,-2.2096984,2.1349545,7.913136,-0.73305494,-1.0531263,-1.8229364,43.69009,-79.301588,100.13054
2025-02-11T17:38:25.947118,-6.2801409,3.2362874,8.4376154,0.88816941,0.61256391,-0.34027258,43.690096,-79.301532,104.95517
2025-02-11T17:38:27.035579,-10.282947,0.27436054,3.2900071,0.74749386,0.26021725,-0.021350306,43.690098,-79.30152,108.88985
2025-02-11T17:38:28.071816,-11.307291,-1.3474866,2.410213,0.61361313,0.91303366,0.69173658,43.690098,-79.30152,108.88985
2025-02-11T17:38:39.414790,-11.307291,-1.3474866,2.410213,0.61361313,0.91303366,0.69173658,43.690098,-79.30152,108.88985
2025-02-11T17:38:40.543318,3.1985786,4.2408795,7.0193505,-0.25382218,0.8673687,0.37309742,43.690028,-79.301546,
2025-02-11T17:38:41.715370,0.11888708,1.9987096,7.08564,-0.28374922,-0.22089739,0.32405168,43.690028,-79.301546,
2025-02-11T17:38:42.802578,-10.310405,-0.64523739,-1.4545523,7.7510939,9.5088634,1.8498991,43.690028,-79.301546,
2025-02-11T17:38:43.932460,-4.6718359,0.49904141,5.7296238,-1.3891189,-1.5888158,1.7016627,43.690028,-79.301546,
2025-02-11T17:38:45.065885,-5.2314057,0.66424131,7.5142021,0.22820845,0.49095711,1.1700368,43.690028,-79.301546,
2025-02-11T17:38:46.183451,-1.3070844,2.7682958,8.6587057,-0.37549558,-0.33334455,-0.014022588,43.690028,-79.301546,
2025-02-11T17:38:47.315673,0.21211131,2.9239936,9.7008562,-0.090097629,0.47088915,0.32082081,43.690028,-79.301546,
2025-02-11T17:38:48.354931,-3.4782512,1.5346085,7.5249758,-2.3115287,-1.1253543,-0.55284303,43.690028,-79.301546,
2025-02-11T17:38:49.388619,1.8060511,-0.77085811,9.5946884,-0.001582121,0.006628254,0.00036638591,43.690028,-79.301546,
2025-02-11T17:38:50.500134,1.7870471,-0.74811321,9.5909472,-0.001049196,8.3269522e-05,-0.0002997703,43.690028,-79.301546,
2025-02-11T17:38:51.663585,1.7727567,-0.7778911,9.5849619,-0.00011657734,0.00088265695,0.00068281009,43.690028,-79.301546,
2025-02-11T17:38:52.799047,1.77141,-0.74811321,9.6003752,1.6653905e-05,0.00074942573,-0.00026646248,43.690108,-79.301428,163.30485
2025-02-11T17:38:54.149481,1.7451485,-0.76958621,9.6086798,-4.9961716e-05,-8.3269522e-05,6.6615619e-05,43.690101,-79.301415,165.41585
2025-02-11T17:38:55.203920,1.7548751,-0.7695114,9.5812216,-0.00091596477,0.0010158882,0.001232389,43.690105,-79.301411,161.90696
2025-02-11T17:38:56.380036,1.7688662,-0.76128131,9.6171341,1.6653905e-05,0.0027478943,0.0011324655,43.690101,-79.301415,159.96864
2025-02-11T17:38:57.453230,1.7343746,-0.7754969,9.6083803,0.00058288669,-0.0012490428,-0.00023315467,43.690118,-79.301461,156.49371
2025-02-11T17:38:58.489751,1.7378163,-0.7742998,9.6142912,-0.00068281009,0.00084934913,-0.00018319295,43.690106,-79.301454,152.65363
2025-02-11T17:38:59.515898,1.7295115,-0.76360071,9.6142912,0.0015654671,-0.0011657734,0.0014655436,43.690093,-79.301457,149.76109
2025-02-11T17:39:00.679385,1.0218753,-0.13534722,9.6289558,-0.0064950227,-0.0015155054,-0.14833634,43.690084,-79.301454,137.77034
2025-02-11T17:39:01.764752,1.7130513,-0.78372699,9.5903492,-0.0011158116,0.00043300152,-0.00053292495,43.690083,-79.301456,134.78234
2025-02-11T17:39:02.933463,1.6996588,-0.78619599,9.6151886,0.00073277182,-0.0013156584,0.00013323124,43.690072,-79.301472,132.26811
2025-02-11T17:39:04.050038,3.4892497,-8.0793085,8.479888,1.4035745,-0.26008403,-3.1750004,43.690066,-79.301482,133.16061
2025-02-11T17:39:05.136934,0.8132804,1.2802993,6.3246579,0.52241635,-1.5058295,0.66330838,43.690062,-79.301466,132.31033
2025-02-11T17:39:06.281352,0.37349546,2.7569232,7.1360679,0.83124638,1.2457287,0.33495998,43.690067,-79.301472,130.70537
2025-02-11T17:39:07.306248,-0.41554365,2.9037178,11.341932,0.064717077,0.52964413,0.26116654,43.690067,-79.301467,130.72533
2025-02-11T17:39:08.354480,-11.705252,3.8414967,12.228984,1.2978555,1.2654303,0.34786677,43.690064,-79.301464,129.89482
2025-02-11T17:39:09.465631,-7.6120648,4.1692777,1.0639982,0.05590716,0.66230917,-0.93075341,43.690057,-79.301481,128.41294
2025-02-11T17:39:10.598590,-5.9415855,-3.0659997,-0.45512277,-0.65476495,-0.5843522,-0.39208287,43.690059,-79.301479,127.87276
2025-02-11T17:39:11.685297,-7.851934,-4.5572133,-0.5885247,-0.24909246,-0.26276532,-0.09775842,43.690062,-79.301481,127.04979
2025-02-11T17:39:12.861008,-8.1615343,-5.8201547,0.92199212,0.46784151,0.31847262,-0.10450325,43.690061,-79.301485,125.36075
2025-02-11T17:39:13.935364,-9.2095957,-4.6843305,0.43858781,-0.086850114,0.018219372,0.2424975,43.690058,-79.30149,125.22573
2025-02-11T17:39:15.112411,-7.1502085,-5.4946928,0.97728318,-0.48184744,-0.065999426,-0.12798525,43.690055,-79.301492,125.22573
2025-02-11T17:39:16.186458,-8.1722336,-5.3492451,0.74280107,-0.039503064,0.082386866,-0.027062595,43.690053,-79.301495,125.22573
2025-02-11T17:39:17.315320,-8.7906857,-5.2255697,0.32591072,0.076874427,0.086900078,0.061736025,43.690051,-79.301498,125.22573
2025-02-11T17:39:18.355202,-9.4131031,-3.2922518,-0.77766663,-0.50924313,-1.0238321,-0.67065275,43.690048,-79.3015,125.22573
2025-02-11T17:39:19.465690,-7.6518688,-5.6573491,-0.46552259,0.36133978,0.10686811,-0.07122875,43.690046,-79.301503,125.22573
2025-02-11T17:39:20.598505,-8.2186956,-5.3538089,0.11185411,-0.10007332,-0.04551512,-0.069546707,43.690046,-79.301503,125.22573
2025-02-11T17:39:21.724978,-8.5663786,-5.0789247,0.22064064,0.26051703,-0.073976643,0.25723621,43.690046,-79.301503,125.22573
2025-02-11T17:39:22.849321,-7.9570546,-5.3956327,0.55657709,0.18832235,0.015105092,0.18737309,43.690046,-79.301503,125.22573
2025-02-11T17:39:23.966950,-8.1624317,-5.2687402,0.59982234,0.015971094,0.027445635,-0.012090735,43.690046,-79.301503,125.22573
2025-02-11T17:39:25.146152,-6.2083893,-5.5138464,0.39122751,-0.69988036,-0.71383631,0.30090275,43.690046,-79.301503,125.22573
2025-02-11T17:39:26.219070,-7.2833114,-5.2453966,0.4695628,-0.54453272,-0.47352049,0.17315064,43.690046,-79.301503,125.22573
2025-02-11T17:39:27.349178,-8.2980042,-5.2181625,0.56645316,-0.036455397,-0.041934531,0.03727144,43.690046,-79.301503,125.22573
2025-02-11T17:39:28.389139,-8.2411413,-5.2168159,0.48108491,0.022416156,0.029710567,-0.014772014,43.690046,-79.301503,125.22573
2025-02-11T17:39:29.515580,-12.376601,-3.2631474,0.076315179,-0.60307121,-0.7537058,0.77232486,43.690046,-79.301503,125.22573
2025-02-11T17:39:30.685984,-0.6760627,3.0643537,4.5637226,0.72697628,3.4650948,0.097891651,43.690046,-79.301503,125.22573
2025-02-11T17:39:31.815207,-9.7573442,-4.8977137,-1.4268694,4.3246026,3.685992,0.92216003,43.690046,-79.301503,125.22573
2025-02-11T17:39:32.887092,-8.7220764,-2.921375,-2.3935282,0.57992226,-0.078539819,-0.026729517,43.690046,-79.301503,125.22573
2025-02-11T17:39:34.046520,-9.2573309,-4.4931684,1.9610757,-1.6827105,-4.4245596,0.40477315,43.690046,-79.301503,125.22573
2025-02-11T17:39:35.182238,-9.2796268,-4.1543889,1.1014076,8.5348768,2.8067327,0.41431585,43.690046,-79.301503,125.22573
2025-02-11T17:39:36.268695,-7.7081323,1.6482582,-4.6062946,1.7575033,1.7614502,-2.1674058,43.690046,-79.301503,125.22573
2025-02-11T17:39:37.445952,-7.9406691,-4.9544263,-0.59495914,-0.7190823,-0.69608325,0.11417917,43.690046,-79.301503,125.22573
2025-02-11T17:39:38.515469,-9.3622265,-5.2483144,-0.51595044,-0.051610451,-0.062768564,0.37138209,43.690046,-79.301503,125.22573
2025-02-11T17:39:39.696510,-8.7120514,-4.7062526,1.1666496,0.63581276,0.55377567,-0.07830666,43.690046,-79.301503,125.22573
2025-02-11T17:39:40.768759,-7.1188593,-4.4575548,-1.5258547,-0.25090772,0.11203082,-0.71783328,43.690046,-79.301503,125.22573
2025-02-11T17:39:41.901529,-7.2239799,-5.4660373,0.089932203,-0.32688284,-0.1377278,-0.29692248,43.690046,-79.301503,125.22573
2025-02-11T17:39:43.064166,-7.984962,-5.6141787,-0.29703066,0.025263974,0.022566041,-0.065949462,43.690046,-79.301503,125.22573
2025-02-11T17:39:44.120789,-8.1567459,-5.3895726,-0.2582745,-0.00063284836,0.0078939507,0.029610643,43.690046,-79.301503,125.22573
2025-02-11T17:39:45.170778,-7.9809966,-5.4327431,-0.31393969,-0.10140563,-0.11354633,-0.044632465,43.690046,-79.301503,125.22573
2025-02-11T17:39:46.344386,-7.9641623,-5.5069633,0.038082771,0.0077773738,-0.011840926,-0.11128139,43.690046,-79.301503,125.22573
2025-02-11T17:39:47.418655,-8.040926,-5.3630867,0.22902036,0.097225495,-0.052826185,-0.045831546,43.690046,-79.301503,125.22573
2025-02-11T17:39:48.548872,-7.0517468,-5.7319431,-1.0000281,-0.51035893,-0.037704442,-0.21440238,43.690046,-79.301503,125.22573
2025-02-11T17:39:49.681958,-7.1428013,-6.254777,-1.5333365,-0.027445635,0.007361026,0.028777948,43.690046,-79.301503,125.22573
2025-02-11T17:39:50.848538,-7.5163717,-5.8010011,-1.0625767,0.15241654,-0.012507083,0.061869256,43.690046,-79.301503,125.22573
2025-02-11T17:39:51.935336,-8.426692,-5.1588311,-0.80422729,0.31372625,0.10292113,0.0086267227,43.690046,-79.301503,125.22573
2025-02-11T17:39:53.158804,-7.5824366,-5.9091144,0.09427169,-0.086067379,-0.09800823,-0.079922087,43.690046,-79.301503,125.22573
2025-02-11T17:39:54.297184,-7.1960726,-5.4400005,0.42175359,-0.49402145,-0.40837041,0.27965236,43.690046,-79.301503,125.22573
2025-02-11T17:39:55.462388,-7.9546604,-5.6388688,-0.10369886,0.022649311,-0.0067281774,0.069363512,43.690046,-79.301503,125.22573
2025-02-11T17:39:56.581801,-7.9886279,-5.6200142,-0.04070143,-0.020184532,-0.036705207,0.014122511,43.690046,-79.301503,125.22573
2025-02-11T17:39:57.668375,-8.0045643,-5.5956984,-0.11971009,-0.040402371,-0.01010892,0.0071445252,43.690046,-79.301503,125.22573
2025-02-11T17:39:58.797079,-7.9649105,-5.630115,0.09883564,0.004746363,-0.0080937976,-0.0085434532,43.690046,-79.301503,125.22573
2025-02-11T17:39:59.853028,-8.0480347,-5.5648727,-0.056862291,-0.00063284836,0.0078106816,-0.0056623276,43.690046,-79.301503,125.22573
2025-02-11T17:40:00.888032,-8.0372601,-5.5095072,-0.17851767,0.017320061,0.014355666,-0.0019151991,43.690046,-79.301503,125.22573
2025-02-11T17:40:02.031074,-8.111331,-5.3481231,0.11162966,0.0043300153,0.010508614,-0.031858921,43.690046,-79.301503,125.22573
2025-02-11T17:40:03.221758,-8.0164604,-5.4964886,0.1448492,0.10023985,-0.01552144,0.027379019,43.690046,-79.301503,125.22573
2025-02-11T17:40:04.381427,-7.9058785,-8.2972555,5.8719292,-0.95230359,3.9319537,4.9299722,43.690046,-79.301503,125.22573
2025-02-11T17:40:05.453167,-1.8980782,4.1904516,7.9249573,-0.36788476,-0.87093258,0.42494103,43.690046,-79.301503,125.22573
2025-02-11T17:40:06.581997,-1.1813889,1.6715269,0.58059388,7.0948133,6.0938635,-2.8751636,43.690046,-79.301503,125.22573
2025-02-11T17:40:07.762475,-7.1286607,-4.5893855,-1.389834,-1.082687,-5.0098944,2.9035583,43.690046,-79.301503,125.22573
2025-02-11T17:40:08.838899,-7.5164466,-6.0770826,-0.34603697,-0.30661505,0.17173506,0.080954634,43.690046,-79.301503,125.22573
2025-02-11T17:40:09.965543,-7.7688851,-5.9409871,-0.48916534,0.042633995,-0.019118683,-0.056040391,43.690046,-79.301503,125.22573
2025-02-11T17:40:11.130037,-7.6938419,-6.0712466,-0.49911624,-0.15113419,-0.086866766,-0.094027944,43.690046,-79.301503,125.22573
2025-02-11T17:40:12.204194,-7.0692544,-6.5614595,-1.2844892,-0.073227219,-0.024581164,-0.14335681,43.690046,-79.301503,125.22573
2025-02-11T17:40:13.395261,-6.6255789,-7.0222683,-1.2300211,-0.01855245,-0.011807619,-0.012640314,43.690046,-79.301503,125.22573
2025-02-11T17:40:14.469572,-6.6303673,-7.0532432,-1.2312182,0.020467648,0.033058003,-0.0084268758,43.690046,-79.301503,125.22573
2025-02-11T17:40:15.629063,-7.1457195,-5.9603653,-2.0542998,0.020151224,-0.19020425,0.024764357,43.690046,-79.301503,125.22573
2025-02-11T17:40:16.718138,-8.3506765,-6.2053218,1.5677532,-0.3721315,-0.18998775,0.70869029,43.690046,-79.301503,125.22573
2025-02-11T17:40:17.896569,-8.6135149,-5.3404164,-0.62832832,0.051443912,0.21316998,-0.06221899,43.690046,-79.301503,125.22573
2025-02-11T17:40:18.921637,-8.9714479,-3.8493526,-1.1436802,0.475036,0.15438169,-0.16923699,43.690046,-79.301503,125.22573
2025-02-11T17:40:19.954617,-7.6640639,-5.5914335,1.3186066,-0.55017841,-0.33174577,-0.5152052,43.690046,-79.301503,125.22573
2025-02-11T17:40:21.019831,-8.2939634,-5.0961332,0.16490065,-0.13464682,-0.062835179,0.13261504,43.690046,-79.301503,125.22573
2025-02-11T17:40:22.148281,-9.0004025,-4.0779986,1.2242601,-0.38503829,-0.2960065,0.13677852,43.690046,-79.301503,125.22573
2025-02-11T17:40:23.281683,-9.4494648,-5.6792707,-0.43155485,0.73716843,0.47150534,-0.32993051,43.690046,-79.301503,125.22573
2025-02-11T17:40:24.389218,-8.3371344,-5.4930468,0.99995333,-0.11676053,0.029560681,-0.07041271,43.690046,-79.301503,125.22573
2025-02-11T17:40:25.532204,-8.0930748,-5.3885999,0.68504095,-0.0089764548,-0.023482006,0.012873468,43.690046,-79.301503,125.22573
2025-02-11T17:40:26.695699,-7.8485675,-5.4999304,0.9187001,-0.1162276,-0.18760623,0.0051294025,43.690046,-79.301503,125.22573
2025-02-11T17:40:27.816489,-9.0769424,-5.7771339,0.87665194,-0.55199367,-0.27362365,0.55211025,43.690046,-79.301503,125.22573
2025-02-11T17:40:28.948613,-9.1291656,-5.1323452,2.0628293,-0.51360643,0.07122875,-0.03803752,43.690046,-79.301503,125.22573
2025-02-11T17:40:30.080574,-7.2240548,-6.067431,9.612196,0.034889929,-4.5052142,2.5915806,43.690046,-79.301503,125.22573
2025-02-11T17:40:31.154518,-7.6180506,-0.81709617,11.300258,8.376997,9.2620363,1.6183765,43.690046,-79.301503,125.22573
2025-02-11T17:40:32.283067,-6.4814782,-5.4878845,-1.227178,-0.75743622,-0.28639719,-0.077357389,43.690046,-79.301503,125.22573
2025-02-11T17:40:33.322385,-5.7906761,-3.9855227,0.21682489,0.75272322,-0.72357887,0.10247148,43.690046,-79.301503,125.22573
2025-02-11T17:40:34.353915,-6.8587146,-1.8066497,1.5978304,-1.2273595,-0.92747259,-0.5887655,43.690046,-79.301503,125.22573
2025-02-11T17:40:35.402821,-8.7529774,-4.0868273,-0.07115268,0.68960488,0.60773432,-0.29180971,43.690046,-79.301503,125.22573
2025-02-11T17:41:17.657648,0.29156888,2.0080619,9.4827595,0.080038667,-0.26966003,-0.3450689,43.690028,-79.301546,
2025-02-11T17:41:18.782735,2.7374704,2.2311716,9.166276,-0.029294219,0.017203484,0.085001528,43.690028,-79.301546,
2025-02-11T17:41:19.962136,1.7925088,2.4516625,9.239748,-0.040069293,0.017386677,0.048562787,43.690028,-79.301546,
2025-02-11T17:41:21.098983,1.8635868,2.4690952,9.2941418,-0.067581549,-0.099473774,0.030343415,43.690028,-79.301546,
2025-02-11T17:41:22.138338,1.8317139,2.484134,9.1365728,0.00083269522,-0.022499425,-0.01573794,43.690028,-79.301546,
2025-02-11T17:41:23.234055,1.8398691,2.4289176,9.5215158,0.0087433001,0.0064783688,-0.0094261104,43.690106,-79.301483,155.67743
2025-02-11T17:41:24.288684,2.1012862,2.2153099,9.3429985,0.068830587,0.043916348,0.054708079,43.690095,-79.301473,158.55527
2025-02-11T17:41:25.392074,0.92094463,2.4981999,9.4740057,0.09541022,0.15779574,0.0023981624,43.690094,-79.301469,157.51211
2025-02-11T17:41:26.516282,0.71646488,2.3465421,9.6294794,0.041534837,0.0082270289,-0.029444104,43.690108,-79.301478,155.66053
2025-02-11T17:41:27.648151,0.95723176,2.722357,9.201067,0.018036179,-0.16665563,-0.012756892,43.690117,-79.301455,158.76319
2025-02-11T17:41:28.719338,-0.65571201,3.5339165,9.6199026,-0.36961678,0.2049596,0.12941749,43.690117,-79.301455,158.76319
2025-02-11T17:41:29.849234,1.614889,5.3583732,8.5392199,-0.40289128,0.78418243,0.25893492,43.690101,-79.301442,159.22973
2025-02-11T17:41:30.974203,0.98753339,0.11372458,9.7581673,0.60428691,0.38883537,0.33757466,43.690095,-79.301438,158.31098
2025-02-11T17:41:32.140642,0.8289175,1.240795,9.4249249,0.068214394,-0.075858533,0.12320559,43.690095,-79.301445,158.23846
2025-02-11T17:41:33.172765,0.84455466,1.7496377,9.6081562,0.10017323,0.044882275,0.02013457,43.690095,-79.301449,159.13302
2025-02-11T17:41:34.205676,0.29680619,1.8801966,9.5399961,0.018485835,0.019285223,0.0026313169,43.690091,-79.301461,159.5878
2025-02-11T17:41:35.284940,0.27428573,1.5482255,9.5996265,-0.079572357,-0.053225879,-0.099973388,43.690089,-79.301462,159.29266
2025-02-11T17:41:36.399640,-0.63872814,1.7274914,9.8152542,-0.094327718,0.039986026,0.47636831,43.69009,-79.301467,159.08317
2025-02-11T17:41:37.531832,-3.9362919,2.7811646,7.9670053,2.5329256,-3.4149499,-1.7517576,43.690081,-79.301469,158.43838
2025-02-11T17:41:38.555762,4.0655041,3.0752773,11.594969,1.5993577,-1.2543222,0.28353274,43.690076,-79.301493,148.06375
2025-02-11T17:41:39.676591,1.1528829,-3.9704843,16.811037,3.4271739,0.21844926,-0.23107293,43.690072,-79.301502,145.38355
2025-02-11T17:41:40.846382,0.3119944,0.72873515,9.7778454,-0.001582121,-0.0096759191,-0.0041468223,43.69008,-79.301528,144.40568
2025-02-11T17:41:41.935995,0.32516253,0.72155255,9.7711115,-0.0021650076,-0.00088265695,0.00096592651,43.690085,-79.30152,143.86473
2025-02-11T17:41:43.112219,0.30062196,0.73494512,9.7256212,9.9923433e-05,-0.0019651607,0.00061619451,43.690091,-79.301521,143.89112
2025-02-11T17:41:44.154663,0.32284313,0.73711485,9.7651253,-1.6653905e-05,6.6615619e-05,-0.0005995406,43.690089,-79.301513,141.85085
2025-02-11T17:41:45.219534,0.38733694,0.71668929,9.7548008,0.012640314,0.0015488132,-0.011391271,43.690089,-79.30151,141.31216
2025-02-11T17:41:46.332822,0.26657939,1.1510124,9.8573771,-0.0089931088,-0.0067448313,0.0023648546,43.690089,-79.301499,140.59224
2025-02-11T17:41:47.464602,0.20066403,0.99793321,9.9877863,0.036138974,0.015421516,-0.012806852,43.690091,-79.301494,140.93805
2025-02-11T17:41:48.596965,0.22363341,0.69192427,9.7831573,-0.0050794408,-0.0012823506,-0.0018652374,43.690087,-79.301489,138.98704
2025-02-11T17:41:49.711634,0.17627311,0.72559273,9.7529306,-0.0020317764,-0.0010158882,0.00014988515,43.690086,-79.301485,137.97335
2025-02-11T17:41:50.892378,0.19520226,0.69805944,9.763854,-0.0012157351,-0.0015488132,-0.0012823506,43.690087,-79.301472,135.82645
2025-02-11T17:41:51.977064,0.21300913,0.69199914,9.7748518,-0.00083269522,0.00018319295,-6.6615619e-05,43.690085,-79.301466,135.77595
2025-02-11T17:41:53.012347,0.23246202,0.68496615,9.7320557,0.00089931086,-0.0034307044,0.0005995406,43.690082,-79.301466,135.7774
2025-02-11T17:41:54.126730,0.19864392,0.68967974,9.7781439,-0.00094927259,-0.000349732,-0.0010325421,43.690081,-79.301473,135.68074
2025-02-11T17:41:55.249863,0.20462942,0.67172319,9.7736549,-0.00014988515,-0.00074942573,-0.00043300152,43.690078,-79.301479,135.45575
2025-02-11T17:41:56.378265,0.18442835,0.68496615,9.7673702,-0.0053625572,-0.0028977795,-0.00053292495,43.690078,-79.301483,135.07188
2025-02-11T17:41:57.547060,-3.4130843,-0.2483236,11.795783,-1.3538458,4.4538035,-1.5887659,43.690078,-79.301487,135.38366
2025-02-11T17:41:58.633916,-5.6890721,0.86378306,-2.091784,0.35674331,-1.485828,-0.1307165,43.690075,-79.301494,135.71183
2025-02-11T17:41:59.803876,-4.0489693,-3.2292542,12.12319,7.6945539,0.7834996,-0.38087481,43.690074,-79.301493,135.96571
2025-02-11T17:42:00.915956,2.0420296,-0.52462947,14.884976,2.8307641,0.18813916,-0.81470901,43.690076,-79.301501,136.41709
2025-02-11T17:42:01.954171,-3.1762078,-1.124377,6.1086559,-0.90717149,-10.12719,5.47647,43.690076,-79.301507,135.69338
2025-02-11T17:42:02.987906,8.5449057,1.9993829,9.4698162,1.1460218,0.13916002,-0.79830492,43.690078,-79.301509,135.23007
2025-02-11T17:42:04.100112,-2.3814077,-1.8581998,8.93748,1.9282391,4.1294188,-0.79264259,43.690077,-79.301509,133.86738
2025-02-11T17:42:05.283118,-7.1862712,6.6177979,-2.1993735,-0.02081738,-1.0176535,1.4243252,43.690083,-79.301511,133.61068
2025-02-11T17:42:06.446204,7.7907324,-1.036839,10.934319,1.2230128,-0.78378272,-0.087649502,43.690087,-79.301511,133.323
2025-02-11T17:42:07.535030,5.2845268,-0.84859484,13.252131,3.6422257,-3.270627,0.16092668,43.690094,-79.301508,133.02592
2025-02-11T17:42:08.649397,-1.4753519,-3.6015527,8.597578,0.40320769,3.3824413,-1.4726049,43.6901,-79.301506,132.38939
2025-02-11T17:42:09.784193,-6.0751371,1.0801591,10.374974,4.0975599,5.4239769,-0.21856585,43.690104,-79.301509,131.33775
2025-02-11T17:42:11.149402,2.4147019,0.32538697,9.3409033,-5.3037858,0.35242993,1.7936256,43.690105,-79.301506,129.59267
2025-02-11T17:42:12.175779,0.46095866,0.4404583,9.8676271,-0.013256508,0.013423047,0.0013489663,43.690106,-79.301507,128.6159
2025-02-11T17:42:13.206239,0.49425301,0.50158525,9.7655745,-0.0050960947,0.0017819678,-0.00049961713,43.690104,-79.301504,128.11296
2025-02-11T17:42:14.237514,0.53862059,0.48123455,9.7433538,-0.00016653904,0.00044965543,0.00099923427,43.690106,-79.301505,127.89928
2025-02-11T17:42:15.364081,0.52462947,0.64793086,9.8549833,0.0024980856,0.0093928026,0.00019984687,43.690112,-79.301508,127.23096
2025-02-11T17:42:16.498334,0.52949268,0.54183775,9.8276739,-0.014339012,-0.000349732,0.0035805895,43.690116,-79.301516,126.77445
2025-02-11T17:42:17.582165,0.50861824,0.54924482,9.7728319,0.0037138208,-0.00061619451,-0.00016653904,43.690117,-79.30151,126.74742
2025-02-11T17:42:18.693325,0.38030398,0.72469491,9.8656073,0.058954824,-0.15801226,0.0022982389,43.690117,-79.301506,126.34511
2025-02-11T17:42:19.832614,1.2487258,8.1997671,-2.8921957,1.5891656,-0.53455704,-1.0132402,43.690124,-79.301504,125.89293
2025-02-11T17:42:20.996244,-3.4208653,8.2992754,-5.2161427,-2.2456126,0.95699996,1.6840262,43.690127,-79.301508,125.5461
2025-02-11T17:42:22.022938,4.7631893,-0.61022216,7.1925559,-6.0097113,1.3072649,0.75174063,43.690127,-79.301509,125.39344
2025-02-11T17:42:23.101488,-4.9399114,-0.28999767,-3.2759414,5.9819827,4.0827045,-2.6700373,43.69013,-79.301502,124.98936
2025-02-11T17:42:24.231618,-10.613945,3.1940894,-0.34079966,2.6936691,-0.4146156,0.93490028,43.690131,-79.301506,124.62709
2025-02-11T17:42:25.349758,-2.683152,8.3569613,0.96673375,3.4689085,3.1362133,-4.5144906,43.690133,-79.301512,124.89395
2025-02-11T17:42:26.528156,2.0704608,7.714417,-2.5912745,2.6150293,0.024930896,-2.0910311,43.690138,-79.301516,124.90746
2025-02-11T17:42:27.752215,-2.7489176,4.8557405,9.5699234,-1.4334016,-1.6732345,0.054191805,43.690137,-79.30152,124.98471
2025-02-11T17:42:28.834315,1.658658,2.0660465,9.962348,-0.090946972,-0.040652182,-0.65701318,43.690143,-79.301528,123.49228
2025-02-11T17:42:29.964953,2.1943607,2.6603322,9.0263653,0.0477634,0.11256374,-0.04145157,43.690138,-79.301531,123.36373
2025-02-11T17:42:31.129177,1.2149078,3.2285061,8.3901806,0.036072358,-0.32413495,0.059870787,43.690136,-79.301533,123.26411
2025-02-11T17:42:32.220045,-1.7392379,0.4392612,6.3494229,-0.46609282,1.1467546,1.4371821,43.690131,-79.301524,123.31158
2025-02-11T17:42:33.256263,0.26852468,0.63678282,9.8205662,0.0023815085,-0.0026313169,-0.00033307809,43.690128,-79.301516,123.78333
2025-02-11T17:42:34.293398,0.31820437,0.6676082,9.8613424,-0.00096592651,-0.014522205,0.00063284836,43.690129,-79.301514,123.51392
2025-02-11T17:42:35.388834,0.2594716,0.6287024,9.7619829,-3.330781e-05,0.0019151991,-0.00021650076,43.690132,-79.301514,123.43204
2025-02-11T17:42:36.570216,0.27952304,0.62855279,9.788394,0.0022316233,-0.00061619451,-9.9923433e-05,43.690139,-79.301516,123.38646
2025-02-11T17:42:37.682387,0.30189386,0.61044663,9.8161526,0.0010658499,-0.0011324655,0.0028811255,43.690141,-79.301517,123.24357
2025-02-11T17:42:38.777320,0.27623102,0.633416,9.7621326,0.0013656202,-3.330781e-05,0.00033307809,43.69014,-79.301514,123.08495
